BRANCH_START_DATE,BRANCH_END_DATE,EMPLOYEE_ID,BRANCH_ID
2023-03-05,,E000001,B010
2022-01-01,,E000002,B012
2018-11-04,2018-08-22,E000003,B007
2024-07-19,,E000004,B003
2023-03-07,,E000005,B014
2021-10-06,2021-10-08,E000006,B010
2023-01-03,2023-04-17,E000007,B003
2022-10-06,2022-10-05,E000008,B013
2021-11-23,,E000009,B008
2018-01-02,2018-05-05,E000010,B007
2021-04-24,,E000011,B012
2016-12-01,2017-11-01,E000012,B005
2019-05-07,2020-05-27,E000013,B002
2021-05-17,2021-07-31,E000014,B011
2019-04-30,2021-05-11,E000015,B001
2022-02-13,2022-03-18,E000016,B013
2021-10-24,2021-10-27,E000017,B011
2015-10-18,2016-05-29,E000018,B010
2023-04-02,,E000019,B009
2024-04-28,,E000020,B010
2018-01-16,2018-03-30,E000021,B014
2021-11-12,2021-11-21,E000022,B005
2024-08-01,,E000023,B006
2020-09-17,,E000024,B004
2023-04-07,,E000025,B005
2021-07-13,2021-06-03,E000026,B003
2022-06-10,2023-01-24,E000027,B001
2016-09-11,2016-09-16,E000028,B014
2019-07-05,2022-03-30,E000029,B013
2022-06-07,,E000030,B010
2021-02-22,,E000031,B001
2017-05-11,2017-05-05,E000032,B009
2018-04-16,,E000033,B001
2022-11-13,,E000034,B004
2018-11-22,2019-03-09,E000035,B004
2019-07-17,2020-05-20,E000036,B007
2024-04-26,,E000037,B005
2022-06-18,,E000038,B013
2023-09-24,,E000039,B010
2023-12-25,,E000040,B015
2024-01-08,,E000041,B009
2023-03-18,2023-05-30,E000042,B010
2023-02-27,,E000043,B005
2018-03-16,2018-10-12,E000044,B015
2017-01-11,2017-01-14,E000045,B007
2021-03-04,2022-06-16,E000046,B003
2024-05-10,,E000047,B008
2020-06-05,2020-12-19,E000048,B009
2024-05-30,,E000049,B001
2020-08-12,,E000050,B013
2021-12-18,2022-01-29,E000051,B004
2019-05-24,,E000052,B010
2021-11-12,,E000053,B015
2021-03-06,,E000054,B009
2024-09-24,,E000055,B009
2019-08-16,,E000056,B001
2024-02-22,,E000057,B004
2021-04-20,,E000058,B013
2019-07-22,2019-10-08,E000059,B007
2022-10-06,,E000060,B010
2024-11-03,,E000061,B005
2023-02-07,2023-04-29,E000062,B002
2017-06-02,2018-06-22,E000063,B013
2020-12-14,2020-12-29,E000064,B001
2022-03-21,,E000065,B010
2017-01-20,,E000066,B011
2016-10-20,2017-11-03,E000067,B011
2022-06-10,,E000068,B006
2017-09-08,2018-01-29,E000069,B007
2021-04-15,,E000070,B014
2023-06-16,,E000071,B002
2023-02-05,,E000072,B015
2020-02-10,2020-05-01,E000073,B003
2022-12-10,2023-02-03,E000074,B010
2015-09-06,2017-03-14,E000075,B007
2016-07-25,2017-03-28,E000076,B013
2020-10-13,2022-12-26,E000077,B010
2017-12-15,2020-05-22,E000078,B011
2019-11-30,,E000079,B003
2022-10-24,,E000080,B001
2024-05-02,,E000081,B006
2019-09-17,,E000082,B008
2015-06-07,2015-03-26,E000083,B009
2024-07-22,,E000084,B001
2024-03-17,,E000085,B010
2020-04-24,2020-04-03,E000086,B014
2022-04-02,2022-03-29,E000087,B002
2019-04-09,2019-11-11,E000088,B009
2019-05-26,2019-11-07,E000089,B005
2021-07-10,2021-07-10,E000090,B008
2016-09-25,2018-11-17,E000091,B012
2020-06-29,2020-09-10,E000092,B014
2021-08-09,,E000093,B001
2022-04-08,2023-01-08,E000094,B006
2021-02-27,,E000095,B010
2020-12-14,,E000096,B007
2018-06-03,2019-03-11,E000097,B009
2023-08-16,,E000098,B015
2020-11-05,,E000099,B015
2024-01-02,,E000100,B005
2018-01-02,2018-12-05,E000101,B005
2021-04-05,,E000102,B011
2024-11-20,,E000103,B009
2019-08-13,,E000104,B001
2024-08-13,,E000105,B015
2017-07-17,2017-05-04,E000106,B001
2021-01-19,2021-01-07,E000107,B013
2022-05-14,2022-06-26,E000108,B006
2020-05-09,2020-05-12,E000109,B012
2023-01-11,,E000110,B015
2015-05-25,2016-01-03,E000111,B012
2017-05-02,2017-05-12,E000112,B012
2018-01-29,2018-05-23,E000113,B001
2022-07-19,,E000114,B013
2021-02-15,2021-03-22,E000115,B004
2023-12-01,,E000116,B013
2023-04-25,,E000117,B010
2020-05-15,,E000118,B009
2018-06-06,2018-08-19,E000119,B012
2016-01-03,2016-01-04,E000120,B012
2017-02-13,,E000121,B005
2022-05-31,2023-04-21,E000122,B004
2020-03-05,2020-03-29,E000123,B003
2023-12-11,,E000124,B007
2022-06-16,,E000125,B013
2018-09-17,2018-09-16,E000126,B008
2020-11-22,,E000127,B005
2018-01-09,2021-10-04,E000128,B002
2019-09-27,,E000129,B002
2016-09-05,2017-07-05,E000130,B014
2024-02-14,,E000131,B011
2022-06-11,2022-05-28,E000132,B014
2022-05-14,,E000133,B014
2021-12-16,2021-12-27,E000134,B005
2021-12-08,2022-01-27,E000135,B013
2023-03-07,,E000136,B001
2022-10-07,2022-09-25,E000137,B004
2020-03-05,,E000138,B005
2019-04-03,,E000139,B006
2021-05-15,2022-10-06,E000140,B002
2018-08-23,,E000141,B004
2018-01-18,,E000142,B004
2023-06-06,,E000143,B002
2018-01-10,,E000144,B004
2018-09-08,,E000145,B015
2022-02-27,2022-04-04,E000146,B012
2021-08-11,2021-08-23,E000147,B012
2023-03-04,2023-07-10,E000148,B004
2017-04-05,,E000149,B007
2019-12-18,,E000150,B015
2018-05-09,2018-09-27,E000151,B009
2019-09-22,2019-09-26,E000152,B008
2023-12-09,,E000153,B005
2018-02-18,2019-08-04,E000154,B005
2021-01-13,2021-03-13,E000155,B012
2016-12-07,2019-08-12,E000156,B014
2019-03-01,,E000157,B009
2021-05-21,2021-06-09,E000158,B005
2022-12-25,,E000159,B005
2018-07-07,2019-01-08,E000160,B014
2024-03-25,,E000161,B007
2018-05-27,2018-12-23,E000162,B008
2022-05-05,2022-12-19,E000163,B004
2017-11-10,,E000164,B010
2021-01-09,2021-07-05,E000165,B006
2024-08-01,,E000166,B007
2022-10-24,2022-11-14,E000167,B013
2019-12-20,2022-04-15,E000168,B012
2023-05-30,,E000169,B004
2017-11-23,2019-02-28,E000170,B008
2016-03-16,2016-03-14,E000171,B015
2021-02-09,2021-11-20,E000172,B007
2021-03-26,,E000173,B009
2018-02-08,2018-09-24,E000174,B014
2022-10-09,,E000175,B011
2020-12-31,,E000176,B014
2023-05-23,,E000177,B007
2023-12-10,,E000178,B012
2022-07-04,,E000179,B011
2017-02-22,2018-03-27,E000180,B005
2022-08-01,2022-08-04,E000181,B010
2019-06-18,2020-06-29,E000182,B010
2022-06-02,2022-04-09,E000183,B005
2023-06-30,2023-08-06,E000184,B009
2019-10-12,,E000185,B002
2023-03-02,,E000186,B009
2024-01-02,,E000187,B006
2021-04-22,2021-09-08,E000188,B012
2019-10-28,2020-07-02,E000189,B005
2024-07-22,,E000190,B013
2017-01-07,,E000191,B013
2020-01-23,2020-09-02,E000192,B013
2022-08-25,2022-12-03,E000193,B006
2021-04-01,2021-04-21,E000194,B005
2020-12-16,,E000195,B009
2020-04-28,2020-04-19,E000196,B012
2017-07-14,2020-09-23,E000197,B004
2020-04-16,,E000198,B004
2019-06-12,2020-09-10,E000199,B009
2023-05-31,,E000200,B007
2024-05-14,,E000201,B015
2023-11-07,,E000202,B002
2019-07-04,2021-04-30,E000203,B012
2024-10-02,,E000204,B002
2021-07-29,2021-08-19,E000205,B014
2022-03-14,,E000206,B002
2024-07-11,,E000207,B006
2020-04-17,,E000208,B011
2023-09-16,,E000209,B007
2022-08-20,,E000210,B010
2021-02-21,,E000211,B012
2019-04-09,2020-07-06,E000212,B010
2017-01-02,2019-12-20,E000213,B001
2019-10-14,,E000214,B005
2022-06-25,,E000215,B005
2022-09-13,,E000216,B008
2017-06-26,,E000217,B011
2024-05-26,,E000218,B015
2021-02-26,2021-09-23,E000219,B002
2019-01-10,2021-06-07,E000220,B007
2018-04-22,2018-05-13,E000221,B006
2021-05-27,2021-09-12,E000222,B001
2023-02-15,2023-06-06,E000223,B002
2016-07-26,,E000224,B009
2021-12-12,2021-12-19,E000225,B010
2023-05-18,,E000226,B003
2017-10-01,2019-06-14,E000227,B008
2017-10-29,2018-02-07,E000228,B005
2021-03-16,,E000229,B008
2021-04-02,,E000230,B002
2024-10-28,,E000231,B004
2021-01-02,2022-02-09,E000232,B015
2020-11-02,2021-07-13,E000233,B001
2019-06-22,2019-07-24,E000234,B004
2016-11-22,,E000235,B008
2019-06-05,2019-07-03,E000236,B006
2022-09-23,2022-09-23,E000237,B011
2022-07-19,,E000238,B001
2021-02-11,,E000239,B003
2022-08-23,2022-09-03,E000240,B013
2019-03-08,,E000241,B010
2022-06-10,,E000242,B001
2023-04-13,2023-06-08,E000243,B014
2019-04-18,2020-01-29,E000244,B004
2020-09-15,,E000245,B007
2018-07-14,2018-07-18,E000246,B009
2019-06-04,2019-08-28,E000247,B008
2019-03-20,2019-06-10,E000248,B015
2023-02-20,2023-07-16,E000249,B006
2023-03-13,,E000250,B005
2023-06-29,,E000251,B012
2019-12-25,,E000252,B008
2022-03-01,,E000253,B004
2023-05-07,,E000254,B015
2023-08-31,,E000255,B012
2023-04-29,,E000256,B004
2024-09-27,,E000257,B003
2016-03-15,2020-03-18,E000258,B007
2022-09-20,,E000259,B009
2020-09-03,2020-12-04,E000260,B005
2022-08-06,,E000261,B012
2015-08-19,2015-09-23,E000262,B013
2019-05-19,2019-09-23,E000263,B008
2021-09-12,2021-10-22,E000264,B003
2021-04-14,2021-09-22,E000265,B014
2022-04-22,2023-04-29,E000266,B011
2024-06-11,,E000267,B008
2022-06-06,,E000268,B015
2019-04-02,2019-09-09,E000269,B008
2019-10-07,2020-03-08,E000270,B015
2024-06-28,,E000271,B011
2018-07-28,,E000272,B005
2023-02-08,2023-04-11,E000273,B010
2016-06-21,2017-01-27,E000274,B002
2020-10-09,2021-11-06,E000275,B010
2021-01-11,,E000276,B002
2020-08-18,,E000277,B012
2017-11-26,2018-01-26,E000278,B009
2020-04-11,,E000279,B008
2022-05-13,2022-05-07,E000280,B005
2021-08-15,2022-05-14,E000281,B009
2022-03-01,2022-03-22,E000282,B003
2020-11-17,,E000283,B002
2017-10-09,,E000284,B010
2020-12-22,2022-02-01,E000285,B011
2022-02-22,,E000286,B010
2020-07-08,,E000287,B004
2019-07-12,,E000288,B011
2023-08-07,,E000289,B005
2022-12-12,,E000290,B007
2022-02-26,2022-04-06,E000291,B012
2021-12-20,2022-01-11,E000292,B003
2018-04-19,2020-02-20,E000293,B010
2021-09-06,2021-11-10,E000294,B003
2022-07-05,,E000295,B014
2023-06-11,,E000296,B010
2018-05-13,2019-12-17,E000297,B006
2019-06-13,2020-03-10,E000298,B013
2020-02-19,2020-10-10,E000299,B010
2022-07-12,2022-07-16,E000300,B001
2022-05-05,2022-05-25,E000301,B004
2019-10-03,2022-06-25,E000302,B005
2022-12-20,,E000303,B002
2021-08-05,,E000304,B003
2022-06-20,,E000305,B006
2016-01-05,,E000306,B001
2018-12-30,2020-10-18,E000307,B005
2017-09-18,2018-09-01,E000308,B012
2024-07-22,,E000309,B004
2022-02-14,,E000310,B012
2022-12-10,,E000311,B005
2023-08-28,,E000312,B010
2023-11-15,,E000313,B002
2020-04-26,2022-04-18,E000314,B004
2022-09-14,2022-11-28,E000315,B008
2020-12-22,,E000316,B011
2016-03-10,,E000317,B002
2023-10-08,,E000318,B001
2019-10-07,,E000319,B004
2020-10-29,2021-01-17,E000320,B007
2021-02-27,,E000321,B005
2019-09-08,2020-03-08,E000322,B011
2023-04-30,2023-08-26,E000323,B009
2021-12-06,,E000324,B004
2016-06-07,2018-03-23,E000325,B008
2023-05-13,2023-05-29,E000326,B009
2024-02-09,,E000327,B011
2022-10-18,,E000328,B015
2021-01-06,,E000329,B009
2018-10-09,2020-03-15,E000330,B010
2021-10-30,,E000331,B013
2018-06-25,,E000332,B002
2020-08-25,,E000333,B002
2023-06-09,2023-06-10,E000334,B012
2018-08-17,2018-08-29,E000335,B008
2017-09-17,2017-10-17,E000336,B005
2017-04-22,2017-06-25,E000337,B008
2021-04-04,,E000338,B013
2023-10-20,,E000339,B011
2022-09-28,2023-02-21,E000340,B009
2023-06-19,,E000341,B006
2024-06-23,,E000342,B009
2017-12-11,2017-12-17,E000343,B014
2019-11-23,2022-08-11,E000344,B015
2023-08-20,,E000345,B006
2020-05-25,2020-07-20,E000346,B002
2019-11-15,2020-01-19,E000347,B010
2016-03-03,2016-08-14,E000348,B015
2019-07-28,2020-10-15,E000349,B004
2020-11-18,2020-11-18,E000350,B015
2021-08-09,,E000351,B002
2018-08-28,,E000352,B015
2021-02-25,,E000353,B003
2019-05-05,,E000354,B006
2023-08-22,,E000355,B011
2022-10-09,2023-02-09,E000356,B004
2022-02-16,2022-08-14,E000357,B014
2022-12-03,2023-07-22,E000358,B005
2019-09-07,,E000359,B005
2024-02-24,,E000360,B002
2020-07-07,,E000361,B015
2024-04-26,,E000362,B011
2015-09-10,,E000363,B009
2024-08-28,,E000364,B002
2021-08-17,2022-10-01,E000365,B002
2023-10-02,,E000366,B012
2020-03-12,2021-05-29,E000367,B014
2021-08-06,2021-09-16,E000368,B008
2020-02-17,2021-05-06,E000369,B009
2022-05-08,2022-05-09,E000370,B006
2022-08-15,,E000371,B001
2023-12-08,,E000372,B009
2022-11-25,,E000373,B008
2018-08-15,,E000374,B008
2019-02-28,2020-05-13,E000375,B001
2020-06-23,,E000376,B010
2024-09-05,,E000377,B009
2023-12-09,,E000378,B008
2023-10-04,,E000379,B001
2021-10-08,,E000380,B001
2020-10-16,2020-10-29,E000381,B009
2022-08-24,,E000382,B009
2021-04-13,,E000383,B004
2023-01-19,,E000384,B002
2021-07-20,2021-12-09,E000385,B003
2022-09-11,,E000386,B008
2018-10-17,,E000387,B006
2020-11-04,,E000388,B005
2021-01-06,,E000389,B013
2020-01-12,,E000390,B013
2019-07-13,,E000391,B001
2024-01-06,,E000392,B009
2023-12-18,,E000393,B005
2022-05-27,,E000394,B006
2018-05-21,2018-08-02,E000395,B014
2023-05-07,,E000396,B008
2019-10-20,,E000397,B006
2023-06-18,,E000398,B001
2023-09-24,2023-10-05,E000399,B010
2015-12-21,2017-09-24,E000400,B010
2020-10-12,,E000401,B014
2020-09-05,,E000402,B011
2022-07-30,,E000403,B004
2016-11-16,2017-01-02,E000404,B014
2021-03-01,2021-01-31,E000405,B001
2022-06-22,,E000406,B014
2022-09-05,,E000407,B012
2020-02-13,2020-01-31,E000408,B010
2021-05-22,2022-02-08,E000409,B010
2022-04-04,,E000410,B013
2023-02-25,,E000411,B004
2020-02-23,,E000412,B009
2024-07-06,,E000413,B007
2023-08-04,,E000414,B002
2021-09-19,2021-09-26,E000415,B012
2015-10-10,2019-09-18,E000416,B014
2020-01-24,2021-02-04,E000417,B005
2021-10-17,,E000418,B001
2022-04-26,,E000419,B004
2023-06-18,,E000420,B010
2022-03-22,2022-07-13,E000421,B005
2024-09-23,,E000422,B003
2020-02-11,,E000423,B009
2022-10-17,2022-11-07,E000424,B011
2021-01-30,2021-03-08,E000425,B009
2019-11-02,2022-11-16,E000426,B006
2020-10-04,2020-09-18,E000427,B010
2017-10-07,,E000428,B010
2024-04-28,,E000429,B010
2021-01-07,,E000430,B012
2018-04-22,2020-08-02,E000431,B014
2021-12-23,,E000432,B003
2019-10-27,,E000433,B008
2019-03-16,2019-05-10,E000434,B009
2020-04-02,,E000435,B005
2019-09-18,2021-10-23,E000436,B009
2022-01-13,2022-01-10,E000437,B002
2023-05-09,2023-06-23,E000438,B008
2022-02-22,2022-04-07,E000439,B006
2019-03-16,2020-05-27,E000440,B005
2023-08-04,,E000441,B013
2024-02-01,,E000442,B012
2022-01-08,2022-04-19,E000443,B012
2021-11-21,,E000444,B010
2017-06-30,,E000445,B007
2018-08-28,2019-04-11,E000446,B005
2020-02-27,2023-05-20,E000447,B015
2019-01-06,2019-01-07,E000448,B010
2019-03-09,2020-04-09,E000449,B010
2023-05-09,,E000450,B010
2019-11-01,,E000451,B012
2023-05-11,,E000452,B012
2023-02-02,,E000453,B015
2022-09-18,,E000454,B008
2021-04-30,,E000455,B010
2023-08-19,,E000456,B014
2023-03-16,2023-03-30,E000457,B015
2022-11-11,,E000458,B001
2020-08-15,2020-08-16,E000459,B005
2019-07-12,2019-07-31,E000460,B006
2024-06-22,,E000461,B010
2019-07-13,,E000462,B014
2019-11-05,2021-06-09,E000463,B015
2024-08-29,,E000464,B009
2024-04-26,,E000465,B010
2021-10-05,2022-07-31,E000466,B007
2019-11-20,,E000467,B008
2020-02-23,,E000468,B008
2018-02-27,2019-06-11,E000469,B002
2022-01-25,2022-09-03,E000470,B013
2016-08-25,2016-08-27,E000471,B013
2024-08-22,,E000472,B007
2018-12-08,2020-05-21,E000473,B009
2021-10-16,,E000474,B008
2020-05-20,,E000475,B003
2015-09-25,,E000476,B011
2016-12-17,2016-12-19,E000477,B010
2017-01-05,2017-09-26,E000478,B007
2023-06-04,,E000479,B002
2018-08-02,,E000480,B005
2017-08-09,2018-08-28,E000481,B008
2023-05-13,,E000482,B005
2023-02-10,,E000483,B002
2016-10-13,2016-10-16,E000484,B015
2023-02-08,,E000485,B007
2020-03-22,2021-07-04,E000486,B002
2016-09-21,,E000487,B002
2023-03-23,,E000488,B004
2024-09-08,,E000489,B003
2023-04-22,,E000490,B006
2021-11-11,,E000491,B005
2023-03-07,,E000492,B001
2018-07-31,2021-05-04,E000493,B004
2020-03-15,2020-04-19,E000494,B014
2018-10-28,2019-06-02,E000495,B010
2022-11-19,,E000496,B008
2020-11-06,2023-03-18,E000497,B007
2016-02-23,,E000498,B008
2020-04-05,2020-06-20,E000499,B013
2018-12-29,,E000500,B011
2023-03-29,2023-06-07,E000501,B009
2019-12-27,,E000502,B008
2024-08-09,,E000503,B001
2020-07-22,,E000504,B001
2017-06-15,2017-11-29,E000505,B008
2020-11-21,,E000506,B012
2023-02-08,,E000507,B003
2023-11-12,,E000508,B012
2018-03-22,2020-02-13,E000509,B007
2021-07-16,2022-10-10,E000510,B015
2023-10-23,,E000511,B002
2020-05-14,2020-06-19,E000512,B007
2022-03-23,2022-04-29,E000513,B011
2021-06-25,,E000514,B013
2021-02-01,,E000515,B007
2022-10-31,2022-09-27,E000516,B001
2021-08-23,,E000517,B007
2020-06-13,2021-04-11,E000518,B015
2022-09-30,2022-10-06,E000519,B013
2019-07-07,2021-07-03,E000520,B015
2019-07-23,2019-07-31,E000521,B004
2018-02-19,2018-03-11,E000522,B003
2024-02-05,,E000523,B008
2021-06-22,2021-09-16,E000524,B001
2023-08-09,,E000525,B010
2021-06-12,2021-08-23,E000526,B015
2021-09-09,2022-09-18,E000527,B010
2021-01-09,2021-01-28,E000528,B004
2022-10-09,,E000529,B008
2019-03-27,2020-11-21,E000530,B007
2018-12-28,,E000531,B004
2021-08-04,2022-12-05,E000532,B012
2021-04-22,2022-02-01,E000533,B015
2023-11-20,,E000534,B006
2023-06-12,2023-09-10,E000535,B004
2020-11-15,2021-02-24,E000536,B008
2016-05-25,,E000537,B008
2024-11-26,,E000538,B007
2016-10-20,,E000539,B007
2019-04-14,2020-10-22,E000540,B001
2022-10-04,2022-11-28,E000541,B004
2022-01-08,2022-04-16,E000542,B006
2020-03-20,,E000543,B008
2018-07-04,2019-04-06,E000544,B006
2018-01-27,2018-06-10,E000545,B007
2020-09-20,,E000546,B004
2022-03-07,2022-07-15,E000547,B010
2020-08-06,2020-12-01,E000548,B015
2022-09-04,2023-04-14,E000549,B014
2020-06-29,,E000550,B006
2018-07-16,2018-07-17,E000551,B002
2024-09-10,,E000552,B011
2022-08-17,2022-10-17,E000553,B008
2024-04-15,,E000554,B012
2019-09-11,,E000555,B008
2016-12-23,2017-04-10,E000556,B008
2022-03-02,,E000557,B013
2020-11-03,2021-05-10,E000558,B009
2016-11-26,2017-01-05,E000559,B014
2021-12-23,2022-05-23,E000560,B007
2022-03-19,,E000561,B009
2020-09-02,,E000562,B012
2020-01-02,2021-01-03,E000563,B006
2024-08-14,,E000564,B014
2021-10-02,,E000565,B010
2022-06-25,,E000566,B013
2021-03-07,2021-03-09,E000567,B010
2022-10-05,2022-09-26,E000568,B003
2016-11-03,,E000569,B013
2023-03-24,,E000570,B008
2022-08-27,2022-10-11,E000571,B007
2017-05-19,,E000572,B006
2024-05-23,,E000573,B014
2021-02-10,,E000574,B010
2019-12-14,,E000575,B007
2023-04-28,2023-05-29,E000576,B001
2023-12-24,,E000577,B010
2021-08-29,,E000578,B008
2018-02-13,,E000579,B007
2020-04-17,2020-11-13,E000580,B007
2022-12-31,,E000581,B008
2023-12-09,,E000582,B008
2020-05-08,2020-07-24,E000583,B007
2019-01-31,2019-02-05,E000584,B013
2022-08-31,,E000585,B015
2016-09-14,,E000586,B015
2017-11-13,2022-07-04,E000587,B013
2018-10-10,2022-07-16,E000588,B002
2021-05-23,2021-08-24,E000589,B001
2024-05-18,,E000590,B007
2023-11-16,,E000591,B014
2022-12-01,,E000592,B005
2023-05-14,,E000593,B011
2019-12-20,,E000594,B011
2019-09-24,,E000595,B003
2022-10-06,,E000596,B002
2017-09-27,2017-07-14,E000597,B010
2020-04-01,,E000598,B014
2022-09-07,,E000599,B006
2023-10-29,,E000600,B001
2020-07-15,2021-01-31,E000601,B003
2022-04-04,2022-03-07,E000602,B001
2021-04-13,2022-04-27,E000603,B007
2023-07-21,2023-08-18,E000604,B010
2019-10-01,2020-04-02,E000605,B010
2018-12-30,,E000606,B006
2019-08-07,2020-07-07,E000607,B011
2017-04-25,2017-07-08,E000608,B002
2022-07-20,2022-08-25,E000609,B010
2018-11-08,2019-05-01,E000610,B002
2024-01-01,,E000611,B014
2022-10-10,,E000612,B002
2017-12-09,2017-12-16,E000613,B006
2021-05-24,2021-06-26,E000614,B003
2018-07-03,,E000615,B002
2022-04-19,2023-04-15,E000616,B002
2022-03-21,2022-03-05,E000617,B005
2022-05-19,2022-08-21,E000618,B011
2022-06-07,,E000619,B014
2021-09-10,,E000620,B010
2022-05-10,,E000621,B014
2018-11-16,2019-02-25,E000622,B001
2021-09-17,,E000623,B011
2022-03-03,,E000624,B013
2024-01-06,,E000625,B007
2016-09-29,2016-10-01,E000626,B001
2016-09-07,,E000627,B010
2020-07-29,2023-03-07,E000628,B012
2015-04-04,,E000629,B009
2024-10-24,,E000630,B001
2018-12-24,2019-09-19,E000631,B015
2021-06-12,,E000632,B003
2023-04-19,2023-06-16,E000633,B009
2017-04-04,2017-10-07,E000634,B011
2021-06-11,2022-07-14,E000635,B014
2020-09-30,2021-03-01,E000636,B002
2016-11-15,2018-11-17,E000637,B013
2022-08-08,,E000638,B011
2017-02-23,,E000639,B006
2018-08-16,2020-04-29,E000640,B013
2018-02-24,2018-03-01,E000641,B015
2023-07-20,2023-07-23,E000642,B006
2024-11-10,,E000643,B003
2021-01-19,2021-09-28,E000644,B012
2017-06-04,2017-08-26,E000645,B007
2019-04-13,2020-10-17,E000646,B014
2018-02-24,,E000647,B011
2022-05-14,,E000648,B008
2018-03-09,2018-12-03,E000649,B004
2022-06-26,2022-12-31,E000650,B002
2020-01-02,,E000651,B006
2024-04-08,,E000652,B008
2021-06-30,2021-05-19,E000653,B015
2017-02-25,2017-07-29,E000654,B008
2016-03-22,2016-09-15,E000655,B006
2023-02-04,,E000656,B001
2020-04-17,2020-04-15,E000657,B005
2015-09-09,2015-09-09,E000658,B015
2016-07-26,2016-07-22,E000659,B010
2016-07-31,,E000660,B009
2020-01-05,,E000661,B003
2024-07-28,,E000662,B002
2018-12-21,2020-11-14,E000663,B014
2022-08-17,2023-09-21,E000664,B010
2021-06-11,,E000665,B010
2021-10-08,2021-12-14,E000666,B006
2023-07-02,,E000667,B006
2023-07-17,,E000668,B009
2022-04-15,,E000669,B011
2020-10-05,,E000670,B004
2023-09-01,,E000671,B006
2022-04-20,,E000672,B009
2018-08-17,2018-11-21,E000673,B014
2018-08-17,2018-10-21,E000674,B014
2019-12-23,2020-06-03,E000675,B011
2020-06-22,2020-07-26,E000676,B015
2023-08-16,2023-08-20,E000677,B004
2019-05-19,2019-07-07,E000678,B010
2021-07-08,2021-07-24,E000679,B013
2020-10-14,2020-08-28,E000680,B011
2022-08-17,2022-10-25,E000681,B001
2021-12-06,2022-01-24,E000682,B001
2022-02-17,,E000683,B006
2017-10-27,2017-08-27,E000684,B011
2021-09-05,,E000685,B014
2021-05-05,2021-04-22,E000686,B005
2021-11-25,,E000687,B011
2023-08-22,,E000688,B006
2018-06-05,2018-11-11,E000689,B007
2024-04-09,,E000690,B006
2024-05-06,,E000691,B001
2024-03-09,,E000692,B013
2022-04-20,,E000693,B014
2022-06-10,2022-06-11,E000694,B002
2018-03-19,2018-10-04,E000695,B003
2022-11-03,,E000696,B011
2017-01-10,,E000697,B006
2015-12-29,,E000698,B002
2022-07-26,2022-08-24,E000699,B006
2024-08-02,,E000700,B015
2019-08-29,2019-07-09,E000701,B009
2019-08-13,2020-01-07,E000702,B005
2022-04-08,2022-04-20,E000703,B009
2017-07-26,2020-10-28,E000704,B007
2023-10-27,,E000705,B001
2019-06-11,2019-09-10,E000706,B007
2024-07-08,,E000707,B006
2021-02-17,2022-06-10,E000708,B004
2017-09-29,2023-09-01,E000709,B014
2022-11-20,,E000710,B010
2024-03-09,,E000711,B012
2016-10-14,2018-02-03,E000712,B009
2020-11-01,,E000713,B002
2019-01-07,,E000714,B008
2015-11-09,2015-12-25,E000715,B006
2021-08-20,2021-08-19,E000716,B009
2019-01-23,2019-02-13,E000717,B011
2024-08-25,,E000718,B015
2022-03-19,,E000719,B004
2024-02-15,,E000720,B001
2019-08-25,,E000721,B011
2023-06-21,,E000722,B002
2018-09-20,2019-09-14,E000723,B003
2024-05-26,,E000724,B007
2017-08-13,2018-05-21,E000725,B011
2022-06-14,2022-08-28,E000726,B008
2021-05-26,,E000727,B008
2020-08-31,,E000728,B009
2022-10-26,2022-10-13,E000729,B003
2019-08-20,2020-04-13,E000730,B015
2022-06-14,,E000731,B001
2016-04-08,2016-04-20,E000732,B012
2022-02-25,2022-07-03,E000733,B009
2020-07-27,,E000734,B009
2022-12-19,,E000735,B014
2023-02-09,2023-02-09,E000736,B010
2019-09-25,,E000737,B013
2020-03-21,2021-02-24,E000738,B012
2021-12-07,,E000739,B014
2024-04-05,,E000740,B011
2020-08-03,2021-09-19,E000741,B005
2017-07-14,2017-06-05,E000742,B008
2024-04-01,,E000743,B010
2021-04-05,2021-09-29,E000744,B007
2020-11-23,2022-04-02,E000745,B014
2021-08-20,2021-09-03,E000746,B002
2021-01-23,,E000747,B015
2020-09-20,,E000748,B009
2023-02-04,,E000749,B006
2020-11-19,,E000750,B012
2021-08-04,,E000751,B011
2015-09-22,2015-11-06,E000752,B006
2020-07-20,2020-12-29,E000753,B008
2017-12-04,2021-01-11,E000754,B012
2017-05-19,,E000755,B008
2020-10-10,,E000756,B006
2022-05-10,,E000757,B015
2019-10-29,2019-11-01,E000758,B010
2022-04-17,,E000759,B002
2018-07-26,2018-08-14,E000760,B005
2024-10-31,,E000761,B011
2021-10-01,2021-12-20,E000762,B004
2024-01-02,,E000763,B007
2024-10-11,,E000764,B012
2022-08-19,,E000765,B013
2020-09-28,,E000766,B006
2022-08-23,2022-09-13,E000767,B005
2022-12-13,2023-01-03,E000768,B003
2018-09-29,,E000769,B003
2022-10-23,,E000770,B013
2021-03-05,2021-03-18,E000771,B010
2023-07-08,,E000772,B004
2016-10-10,2016-10-10,E000773,B001
2022-04-05,2022-11-11,E000774,B007
2021-06-23,2021-08-27,E000775,B012
2021-06-11,,E000776,B011
2024-01-15,,E000777,B011
2020-07-31,,E000778,B011
2021-10-14,,E000779,B009
2023-08-25,,E000780,B006
2024-06-28,,E000781,B008
2019-09-25,2019-09-22,E000782,B013
2023-06-07,,E000783,B012
2024-04-16,,E000784,B009
2022-07-22,,E000785,B004
2020-07-24,2021-08-10,E000786,B009
2022-08-24,,E000787,B005
2018-03-28,,E000788,B005
2015-07-18,2015-11-13,E000789,B008
2021-10-17,,E000790,B007
2023-09-25,,E000791,B010
2017-10-23,2018-02-16,E000792,B008
2024-10-05,,E000793,B003
2023-12-02,,E000794,B008
2024-05-14,,E000795,B010
2020-03-14,2020-07-01,E000796,B001
2021-11-03,2021-12-01,E000797,B006
2018-02-08,,E000798,B007
2022-10-03,,E000799,B015
2023-03-13,2023-04-10,E000800,B011
2018-12-26,,E000801,B010
2020-02-15,,E000802,B015
2020-07-08,,E000803,B013
2022-03-02,,E000804,B009
2019-07-14,2020-06-28,E000805,B002
2023-03-08,,E000806,B011
2022-07-07,2022-06-15,E000807,B001
2019-03-02,2019-09-25,E000808,B005
2024-07-05,,E000809,B015
2023-07-14,,E000810,B015
2020-09-17,,E000811,B013
2022-11-01,,E000812,B009
2023-05-15,,E000813,B004
2020-05-30,2020-05-05,E000814,B001
2017-03-18,2017-08-16,E000815,B011
2024-06-29,,E000816,B001
2021-12-13,2022-02-03,E000817,B009
2019-04-04,2019-07-28,E000818,B006
2023-12-24,,E000819,B014
2015-08-22,2015-10-22,E000820,B003
2015-04-22,2015-04-16,E000821,B003
2023-03-22,,E000822,B011
2020-03-22,2020-04-13,E000823,B010
2019-06-26,2022-07-04,E000824,B013
2024-09-26,,E000825,B005
2023-05-04,2023-06-04,E000826,B009
2017-08-24,2018-01-22,E000827,B008
2023-06-09,2023-06-23,E000828,B011
2018-08-16,,E000829,B002
2021-11-26,2021-12-11,E000830,B001
2021-03-26,2022-03-27,E000831,B003
2022-08-17,,E000832,B015
2017-04-02,2017-04-19,E000833,B004
2023-04-08,,E000834,B012
2018-04-17,,E000835,B001
2023-12-02,,E000836,B009
2018-10-10,2018-10-18,E000837,B012
2024-02-25,,E000838,B001
2021-11-09,,E000839,B007
2019-05-28,,E000840,B013
2020-10-22,2021-03-09,E000841,B008
2022-08-01,2022-08-13,E000842,B015
2019-01-01,,E000843,B005
2020-09-17,2020-10-27,E000844,B012
2021-02-10,,E000845,B008
2016-09-13,2017-02-11,E000846,B009
2018-09-25,2020-03-31,E000847,B015
2019-02-04,2021-08-22,E000848,B005
2023-08-31,,E000849,B008
2019-02-18,2019-02-28,E000850,B001
2024-07-28,,E000851,B014
2022-12-02,,E000852,B012
2017-06-18,,E000853,B004
2023-05-05,,E000854,B008
2022-12-12,,E000855,B009
2016-03-02,2016-02-26,E000856,B003
2021-02-11,,E000857,B001
2021-05-19,2021-07-01,E000858,B001
2021-10-26,2021-10-26,E000859,B008
2018-08-21,,E000860,B012
2021-11-23,,E000861,B001
2023-10-03,,E000862,B009
2022-09-30,2022-11-18,E000863,B004
2022-05-07,2022-05-18,E000864,B012
2021-07-15,2022-10-13,E000865,B003
2021-08-17,2021-08-18,E000866,B009
2024-11-24,,E000867,B003
2018-01-10,2018-01-11,E000868,B015
2015-06-23,2016-09-23,E000869,B013
2021-11-09,,E000870,B009
2024-06-02,,E000871,B008
2024-04-23,,E000872,B015
2022-03-14,,E000873,B010
2018-09-20,2019-05-02,E000874,B003
2016-03-12,2017-10-19,E000875,B004
2019-08-27,2021-02-04,E000876,B012
2017-12-07,2018-02-11,E000877,B006
2018-05-16,,E000878,B002
2020-11-10,2021-01-09,E000879,B005
2021-06-03,,E000880,B006
2024-11-02,,E000881,B012
2019-10-23,2022-05-19,E000882,B011
2022-03-29,,E000883,B003
2024-10-08,,E000884,B015
2017-10-22,2018-02-25,E000885,B003
2022-10-30,2023-01-22,E000886,B002
2022-06-05,,E000887,B010
2024-04-03,,E000888,B008
2015-11-27,2015-12-29,E000889,B007
2022-12-25,2023-02-28,E000890,B007
2020-12-07,2020-12-09,E000891,B013
2022-01-24,2022-03-05,E000892,B010
2021-06-26,,E000893,B015
2019-03-10,,E000894,B003
2021-08-25,2022-02-22,E000895,B001
2018-10-03,,E000896,B011
2018-10-08,2019-02-02,E000897,B004
2019-06-14,2019-08-05,E000898,B007
2022-09-03,2022-09-11,E000899,B011
2022-01-27,2022-03-08,E000900,B007
2016-12-09,2019-01-17,E000901,B005
2020-12-06,2021-01-28,E000902,B010
2024-02-14,,E000903,B011
2020-11-26,2021-05-15,E000904,B014
2024-11-28,,E000905,B015
2021-11-16,,E000906,B006
2017-06-21,,E000907,B008
2020-10-22,,E000908,B015
2016-12-20,2016-12-23,E000909,B011
2019-08-11,,E000910,B009
2019-08-20,2022-02-27,E000911,B014
2019-11-07,2019-12-24,E000912,B010
2018-01-11,,E000913,B012
2021-06-07,2022-07-15,E000914,B003
2020-09-12,2020-09-26,E000915,B013
2018-03-18,2018-05-26,E000916,B012
2021-08-30,,E000917,B005
2021-05-02,,E000918,B010
2019-12-27,2020-02-05,E000919,B004
2021-10-25,2021-10-25,E000920,B002
2023-07-21,,E000921,B015
2019-06-08,2019-06-08,E000922,B012
2021-05-31,2021-10-14,E000923,B013
2018-11-05,2018-11-04,E000924,B003
2023-02-12,2023-09-29,E000925,B015
2023-10-15,,E000926,B012
2022-04-16,2022-02-15,E000927,B009
2020-05-29,2020-07-08,E000928,B004
2021-02-28,,E000929,B015
2020-02-28,2021-02-16,E000930,B003
2020-01-11,,E000931,B008
2022-07-31,2022-06-30,E000932,B007
2018-03-16,2022-08-25,E000933,B004
2023-10-28,,E000934,B003
2017-05-20,2017-05-28,E000935,B011
2021-02-18,,E000936,B002
2023-07-29,,E000937,B006
2016-06-21,2018-05-02,E000938,B014
2021-11-21,,E000939,B002
2022-08-12,2022-09-03,E000940,B008
2018-02-12,2018-04-04,E000941,B013
2015-10-17,2019-08-05,E000942,B011
2017-06-08,2018-04-27,E000943,B012
2024-04-27,,E000944,B009
2019-11-28,2020-01-25,E000945,B004
2020-06-14,,E000946,B010
2017-08-14,2018-03-05,E000947,B011
2021-04-13,,E000948,B006
2022-05-06,,E000949,B009
2024-02-15,,E000950,B006
2021-09-23,,E000951,B003
2022-03-08,,E000952,B005
2017-09-10,2017-11-30,E000953,B003
2016-02-28,2019-11-28,E000954,B015
2022-05-04,2022-08-31,E000955,B011
2015-04-22,2017-12-04,E000956,B002
2017-11-26,2017-12-26,E000957,B007
2020-02-09,,E000958,B001
2020-04-26,2020-04-22,E000959,B012
2023-05-10,,E000960,B003
2024-09-08,,E000961,B012
2021-03-08,2021-04-16,E000962,B010
2019-07-01,2022-04-25,E000963,B015
2023-12-27,,E000964,B002
2017-10-13,2018-07-01,E000965,B001
2019-04-07,,E000966,B014
2022-09-16,,E000967,B012
2022-04-06,2023-04-30,E000968,B002
2020-03-23,,E000969,B015
2022-10-07,,E000970,B005
2023-11-24,,E000971,B013
2019-12-12,2020-09-09,E000972,B002
2017-06-11,2017-06-25,E000973,B012
2021-12-01,2022-01-04,E000974,B005
2022-08-18,,E000975,B008
2020-04-13,,E000976,B001
2022-10-16,2023-03-11,E000977,B007
2020-09-20,2020-09-21,E000978,B006
2022-02-20,2022-02-26,E000979,B008
2021-11-28,2022-07-29,E000980,B006
2021-09-11,2021-11-03,E000981,B001
2021-12-14,,E000982,B014
2022-12-11,,E000983,B007
2016-08-01,2019-02-05,E000984,B006
2023-12-23,,E000985,B004
2018-09-16,,E000986,B012
2020-12-17,2021-11-28,E000987,B002
2023-04-02,,E000988,B015
2021-01-02,2023-04-13,E000989,B008
2018-03-03,2021-03-03,E000990,B001
2019-03-23,2020-01-01,E000991,B003
2020-03-22,,E000992,B015
2024-01-06,,E000993,B008
2024-07-29,,E000994,B014
2023-04-20,2023-06-03,E000995,B011
2022-01-29,,E000996,B015
2022-05-09,,E000997,B009
2024-05-08,,E000998,B015
2022-07-21,2022-07-13,E000999,B009
2015-07-08,2017-03-16,E001000,B014
2018-07-14,2019-12-19,E001001,B011
2020-01-26,2020-09-11,E001002,B012
2022-06-23,,E001003,B011
2023-10-24,,E001004,B011
2024-04-10,,E001005,B014
2020-08-14,,E001006,B005
2016-05-08,2017-09-01,E001007,B004
2021-04-18,,E001008,B010
2019-04-04,2020-03-11,E001009,B011
2017-12-17,2018-04-24,E001010,B015
2020-02-06,,E001011,B010
2022-09-07,2022-10-30,E001012,B006
2020-04-12,,E001013,B008
2016-01-16,,E001014,B009
2022-03-16,2022-07-25,E001015,B002
2024-04-18,,E001016,B001
2020-09-28,2020-10-28,E001017,B015
2021-05-17,,E001018,B011
2024-09-28,,E001019,B010
2022-03-19,,E001020,B006
2023-07-11,,E001021,B006
2019-07-13,2020-08-12,E001022,B001
2020-07-15,2020-07-15,E001023,B005
2019-12-28,2020-07-17,E001024,B001
2017-09-07,2017-08-17,E001025,B005
2022-05-23,2022-05-25,E001026,B005
2020-09-17,2020-12-30,E001027,B007
2023-11-27,,E001028,B010
2024-06-12,,E001029,B005
2021-08-15,,E001030,B009
2021-02-07,,E001031,B002
2022-06-29,2022-09-07,E001032,B004
2021-02-10,2021-02-13,E001033,B015
2017-06-19,,E001034,B011
2018-10-13,2022-01-09,E001035,B006
2023-03-20,,E001036,B006
2016-02-14,,E001037,B002
2020-12-10,2022-03-18,E001038,B005
2024-09-03,,E001039,B005
2024-10-16,,E001040,B005
2023-05-31,,E001041,B008
2023-06-11,,E001042,B012
2020-12-03,,E001043,B007
2016-07-15,2016-07-08,E001044,B013
2022-06-18,2022-06-28,E001045,B014
2021-07-09,,E001046,B012
2023-07-08,,E001047,B007
2019-02-08,2019-03-05,E001048,B011
2021-08-24,2021-08-26,E001049,B010
2021-04-15,2022-04-27,E001050,B005
2023-01-27,2023-04-20,E001051,B001
2019-12-06,,E001052,B014
2023-04-04,,E001053,B005
2016-09-12,,E001054,B006
2021-02-04,,E001055,B008
2023-04-13,,E001056,B012
2021-06-17,2022-11-22,E001057,B003
2020-02-06,2020-03-21,E001058,B009
2022-08-23,2022-10-27,E001059,B014
2024-07-29,,E001060,B008
2023-01-24,2023-04-03,E001061,B009
2018-08-09,2018-04-26,E001062,B001
2021-02-14,2021-04-07,E001063,B012
2018-01-23,,E001064,B006
2021-02-01,2021-02-07,E001065,B005
2022-11-29,2022-12-02,E001066,B002
2023-11-23,,E001067,B012
2024-04-03,,E001068,B005
2019-06-11,2019-11-15,E001069,B010
2023-11-14,,E001070,B011
2017-09-30,,E001071,B012
2022-01-18,2022-03-30,E001072,B007
2023-01-09,2023-01-21,E001073,B012
2016-10-10,2017-08-02,E001074,B012
2018-05-14,2022-07-08,E001075,B012
2023-09-08,,E001076,B012
2019-10-01,2019-07-10,E001077,B013
2018-11-08,,E001078,B014
2017-12-12,2018-06-09,E001079,B008
2017-04-27,,E001080,B001
2018-12-17,2021-03-27,E001081,B003
2024-05-08,,E001082,B001
2019-10-04,,E001083,B001
2019-08-30,2019-10-12,E001084,B013
2024-11-17,,E001085,B007
2022-07-06,,E001086,B002
2020-01-09,2021-12-19,E001087,B015
2017-02-05,2017-09-25,E001088,B006
2024-04-18,,E001089,B001
2022-06-26,,E001090,B010
2022-09-03,,E001091,B006
2024-08-21,,E001092,B010
2024-10-03,,E001093,B014
2021-05-05,2022-09-27,E001094,B009
2022-12-12,2023-01-19,E001095,B013
2022-01-10,2022-03-16,E001096,B009
2020-01-31,2020-01-31,E001097,B005
2024-10-02,,E001098,B003
2022-07-03,,E001099,B001
2018-04-24,2018-04-27,E001100,B005
2022-07-15,,E001101,B013
2022-09-25,,E001102,B012
2024-07-22,,E001103,B001
2016-06-23,2016-09-19,E001104,B010
2021-11-03,2021-11-04,E001105,B007
2021-07-31,2021-10-05,E001106,B015
2020-09-09,,E001107,B013
2020-05-14,2020-04-18,E001108,B007
2019-04-11,,E001109,B009
2022-01-19,,E001110,B010
2024-10-24,,E001111,B008
2024-11-13,,E001112,B003
2022-12-30,2023-06-24,E001113,B010
2021-02-07,2022-01-12,E001114,B011
2016-07-20,,E001115,B006
2015-09-29,2015-10-26,E001116,B008
2017-12-03,,E001117,B012
2019-04-23,2019-05-11,E001118,B004
2016-04-07,2018-06-11,E001119,B005
2023-12-21,,E001120,B007
2015-06-08,2015-03-10,E001121,B009
2024-02-15,,E001122,B011
2020-04-12,2020-08-15,E001123,B004
2022-07-30,2023-03-11,E001124,B006
2020-08-04,2020-09-08,E001125,B005
2021-06-26,2021-07-19,E001126,B002
2017-07-31,2017-10-31,E001127,B013
2021-02-25,2021-12-27,E001128,B001
2023-12-13,,E001129,B010
2023-10-18,,E001130,B013
2019-09-26,,E001131,B010
2020-02-03,2020-02-19,E001132,B002
2020-04-02,,E001133,B011
2018-06-05,,E001134,B004
2023-01-05,,E001135,B006
2020-03-21,2021-04-06,E001136,B008
2022-10-30,2022-11-01,E001137,B002
2022-06-18,2023-03-14,E001138,B002
2021-05-28,2021-11-02,E001139,B005
2023-03-06,,E001140,B001
2021-07-30,2022-03-05,E001141,B013
2022-12-25,,E001142,B006
2023-04-01,,E001143,B006
2022-04-21,,E001144,B015
2021-08-24,,E001145,B002
2017-11-19,2018-02-04,E001146,B004
2020-08-15,,E001147,B012
2020-12-11,2020-12-21,E001148,B006
2018-05-20,,E001149,B002
2022-02-14,2022-07-02,E001150,B004
2024-10-11,,E001151,B002
2018-03-20,2018-03-28,E001152,B012
2023-06-08,2023-07-03,E001153,B002
2016-06-21,2016-11-28,E001154,B013
2024-05-03,,E001155,B009
2023-07-12,,E001156,B008
2022-08-09,2023-05-15,E001157,B008
2022-03-31,2022-04-06,E001158,B015
2024-09-20,,E001159,B005
2020-08-25,2020-08-29,E001160,B009
2022-09-14,2022-12-30,E001161,B009
2024-11-12,,E001162,B012
2020-01-12,2023-05-29,E001163,B005
2023-03-18,,E001164,B005
2024-02-09,,E001165,B011
2020-10-11,2020-09-01,E001166,B014
2020-12-30,,E001167,B005
2018-01-27,,E001168,B013
2018-07-01,,E001169,B008
2017-08-16,2018-09-23,E001170,B007
2016-08-25,2018-07-10,E001171,B013
2020-11-28,,E001172,B004
2023-09-22,,E001173,B003
2022-11-04,,E001174,B004
2019-04-13,,E001175,B013
2022-10-31,,E001176,B002
2018-09-14,2019-01-13,E001177,B010
2020-08-09,2022-03-29,E001178,B010
2018-04-13,2019-08-10,E001179,B011
2017-02-12,2017-11-04,E001180,B010
2022-08-22,2022-11-05,E001181,B014
2021-12-25,,E001182,B010
2024-10-07,,E001183,B005
2023-09-27,,E001184,B010
2022-01-06,,E001185,B013
2018-08-29,2018-12-03,E001186,B004
2016-10-07,2019-10-24,E001187,B003
2023-01-13,,E001188,B008
2019-09-14,2019-09-30,E001189,B002
2023-07-30,,E001190,B005
2022-10-11,2023-04-14,E001191,B003
2024-08-03,,E001192,B012
2021-11-06,2023-03-17,E001193,B006
2023-12-15,,E001194,B001
2020-04-03,2020-06-05,E001195,B012
2019-11-04,,E001196,B006
2023-05-01,,E001197,B003
2023-11-19,,E001198,B012
2016-10-09,2019-03-12,E001199,B012
2019-11-18,,E001200,B014
2021-06-13,,E001201,B011
2022-02-09,2022-09-09,E001202,B015
2020-02-09,,E001203,B007
2020-07-04,2021-09-06,E001204,B012
2021-06-30,2022-08-12,E001205,B001
2023-06-26,,E001206,B014
2020-12-07,,E001207,B014
2021-08-20,,E001208,B010
2020-01-10,2020-02-10,E001209,B008
2019-06-10,2019-05-20,E001210,B007
2021-09-27,,E001211,B004
2019-08-07,2021-09-11,E001212,B014
2021-06-16,2022-06-06,E001213,B003
2023-10-11,,E001214,B006
2020-06-01,2021-09-06,E001215,B014
2023-09-20,,E001216,B005
2016-01-22,,E001217,B009
2019-05-25,2021-07-29,E001218,B013
2024-11-26,,E001219,B015
2021-08-08,,E001220,B008
2016-11-20,2018-06-08,E001221,B015
2023-12-11,,E001222,B011
2017-11-16,2018-12-28,E001223,B009
2021-05-28,2022-03-24,E001224,B009
2022-05-04,2023-08-20,E001225,B013
2018-06-11,2021-05-26,E001226,B005
2023-10-21,,E001227,B005
2018-11-04,2019-02-10,E001228,B003
2021-05-11,,E001229,B015
2020-01-17,,E001230,B007
2020-04-27,,E001231,B004
2020-01-29,,E001232,B001
2020-11-24,2022-04-09,E001233,B003
2018-01-30,,E001234,B011
2020-01-25,2022-01-28,E001235,B009
2017-06-20,,E001236,B011
2024-10-13,,E001237,B002
2024-09-11,,E001238,B006
2017-09-30,2017-10-12,E001239,B010
2019-04-10,,E001240,B010
2018-03-13,2019-07-06,E001241,B013
2023-06-09,,E001242,B001
2021-12-05,,E001243,B014
2020-06-13,2021-06-23,E001244,B007
2022-03-08,,E001245,B012
2024-06-20,,E001246,B003
2018-07-10,,E001247,B012
2023-02-08,,E001248,B002
2019-06-11,,E001249,B010
2022-01-20,2023-02-17,E001250,B005
2022-02-13,2022-02-19,E001251,B009
2019-05-18,,E001252,B003
2022-11-14,,E001253,B009
2015-11-13,2015-06-30,E001254,B015
2021-06-02,2021-08-10,E001255,B010
2015-09-13,2015-09-16,E001256,B010
2021-01-04,,E001257,B014
2020-08-23,2021-03-28,E001258,B013
2020-12-22,2020-12-31,E001259,B009
2015-10-20,2015-10-25,E001260,B013
2021-07-02,,E001261,B009
2020-09-04,2022-06-17,E001262,B008
2019-01-27,,E001263,B009
2022-02-16,2022-04-17,E001264,B010
2023-02-07,,E001265,B014
2024-08-27,,E001266,B009
2019-10-08,,E001267,B007
2024-07-08,,E001268,B010
2023-11-22,,E001269,B010
2020-12-07,,E001270,B001
2022-01-23,2022-02-02,E001271,B009
2021-08-18,,E001272,B003
2021-10-10,2022-02-01,E001273,B013
2021-05-27,2021-06-28,E001274,B005
2019-05-02,2020-02-01,E001275,B010
2022-04-11,,E001276,B005
2023-07-19,,E001277,B014
2016-10-27,,E001278,B002
2022-08-26,2022-10-04,E001279,B007
2024-01-13,,E001280,B006
2020-11-26,,E001281,B009
2018-08-19,,E001282,B008
2021-06-27,2021-07-14,E001283,B015
2019-02-10,,E001284,B015
2017-04-02,2017-04-07,E001285,B011
2020-08-19,,E001286,B014
2020-02-06,,E001287,B007
2019-01-10,2019-11-16,E001288,B007
2019-07-04,2019-06-25,E001289,B010
2024-05-29,,E001290,B001
2016-08-21,2019-12-07,E001291,B012
2020-05-01,,E001292,B015
2020-08-01,2020-09-05,E001293,B003
2017-01-29,2017-01-22,E001294,B009
2022-11-26,2022-12-03,E001295,B013
2022-07-21,,E001296,B012
2023-07-27,,E001297,B012
2022-03-15,2022-08-27,E001298,B005
2023-06-03,,E001299,B004
2021-02-25,2021-03-28,E001300,B003
2019-07-25,2020-08-08,E001301,B009
2017-07-18,2018-08-28,E001302,B003
2022-11-26,,E001303,B013
2023-01-13,,E001304,B013
2023-04-12,2023-06-26,E001305,B008
2016-02-19,2021-09-11,E001306,B002
2020-05-26,2020-06-30,E001307,B001
2022-09-16,2023-01-15,E001308,B005
2020-02-21,,E001309,B015
2021-08-31,,E001310,B013
2020-10-07,2020-10-08,E001311,B014
2023-11-25,,E001312,B001
2021-01-04,2021-04-29,E001313,B008
2022-06-07,2022-07-17,E001314,B013
2018-06-16,2020-08-15,E001315,B012
2020-10-23,2021-11-25,E001316,B003
2022-01-16,2022-06-18,E001317,B004
2023-01-24,,E001318,B008
2023-05-29,,E001319,B009
2020-05-09,,E001320,B006
2024-10-09,,E001321,B002
2020-07-12,2020-04-16,E001322,B013
2024-10-09,,E001323,B013
2021-10-02,2021-10-02,E001324,B009
2022-04-03,,E001325,B001
2023-03-21,2023-06-12,E001326,B015
2021-05-23,,E001327,B010
2018-12-18,2018-12-18,E001328,B006
2020-02-09,2020-11-21,E001329,B012
2020-02-16,,E001330,B004
2020-11-05,2022-01-14,E001331,B003
2020-02-16,2020-12-29,E001332,B003
2020-12-04,2020-12-04,E001333,B002
2024-02-01,,E001334,B005
2022-01-14,,E001335,B007
2019-02-11,2020-09-27,E001336,B004
2019-07-20,2019-11-02,E001337,B008
2023-03-08,,E001338,B006
2022-05-19,,E001339,B009
2020-11-23,,E001340,B003
2019-10-08,2020-07-02,E001341,B013
2023-03-01,,E001342,B007
2022-12-21,,E001343,B015
2022-06-15,,E001344,B001
2022-09-28,,E001345,B009
2020-09-11,,E001346,B011
2019-06-09,,E001347,B007
2023-11-26,,E001348,B007
2021-11-03,2021-12-13,E001349,B014
2022-02-22,,E001350,B011
2018-03-15,2020-01-08,E001351,B013
2023-02-08,,E001352,B014
2023-01-24,,E001353,B008
2022-06-21,,E001354,B010
2020-08-20,2020-11-12,E001355,B001
2017-09-24,,E001356,B003
2020-09-26,,E001357,B010
2020-09-28,,E001358,B004
2021-03-30,2021-02-14,E001359,B014
2019-07-11,2021-12-14,E001360,B012
2023-03-14,2023-04-29,E001361,B006
2017-10-05,,E001362,B015
2021-11-18,,E001363,B013
2020-07-26,2021-03-21,E001364,B004
2015-03-18,2015-11-17,E001365,B002
2018-08-07,2018-09-08,E001366,B014
2023-08-25,,E001367,B015
2020-04-21,2021-02-24,E001368,B012
2022-11-06,2023-01-21,E001369,B011
2024-05-04,,E001370,B012
2021-06-07,,E001371,B010
2023-03-27,,E001372,B012
2024-09-17,,E001373,B005
2024-03-02,,E001374,B004
2021-10-03,2022-06-14,E001375,B015
2024-11-17,,E001376,B004
2023-10-27,,E001377,B004
2023-06-18,,E001378,B014
2018-11-23,2019-06-17,E001379,B009
2022-01-11,2022-10-03,E001380,B002
2022-11-09,2023-01-13,E001381,B006
2024-04-05,,E001382,B015
2021-07-02,,E001383,B012
2023-03-29,,E001384,B006
2018-03-04,,E001385,B011
2018-08-12,2018-03-15,E001386,B002
2015-11-16,2020-04-21,E001387,B008
2023-03-25,,E001388,B006
2023-01-30,,E001389,B006
2023-01-14,2023-02-25,E001390,B011
2021-06-06,,E001391,B001
2021-03-03,2022-06-24,E001392,B009
2020-03-27,,E001393,B012
2016-05-29,2017-06-26,E001394,B012
2023-01-20,2023-05-01,E001395,B015
2022-12-19,,E001396,B002
2021-05-22,2021-08-06,E001397,B012
2021-08-02,2022-05-10,E001398,B010
2023-08-11,,E001399,B002
2021-12-12,,E001400,B003
2017-07-28,,E001401,B014
2020-11-29,2023-01-21,E001402,B015
2021-02-07,,E001403,B006
2020-12-14,2021-01-24,E001404,B005
2021-02-08,,E001405,B012
2016-05-01,2016-05-13,E001406,B004
2022-11-07,2022-11-11,E001407,B010
2022-10-08,,E001408,B004
2018-08-13,2018-09-07,E001409,B001
2020-05-16,,E001410,B014
2022-03-21,,E001411,B008
2022-12-10,,E001412,B006
2017-12-25,,E001413,B003
2023-05-07,,E001414,B002
2019-12-03,2020-11-05,E001415,B012
2017-09-22,2019-03-06,E001416,B007
2022-09-10,2022-09-26,E001417,B006
2023-12-27,,E001418,B005
2024-03-16,,E001419,B002
2015-07-13,2015-07-06,E001420,B005
2020-03-07,,E001421,B012
2019-08-15,2020-05-27,E001422,B009
2022-02-11,,E001423,B005
2016-10-25,,E001424,B003
2021-10-14,,E001425,B012
2020-03-30,,E001426,B014
2015-10-09,2015-10-19,E001427,B001
2020-03-31,,E001428,B014
2020-04-13,2023-05-07,E001429,B011
2021-03-17,2022-05-12,E001430,B009
2019-03-19,2019-06-23,E001431,B013
2024-11-22,,E001432,B003
2023-01-14,2023-04-09,E001433,B013
2024-08-29,,E001434,B009
2022-01-20,2023-01-23,E001435,B002
2016-06-08,2016-06-17,E001436,B014
2021-10-06,,E001437,B007
2015-05-25,2016-02-29,E001438,B004
2015-06-08,2015-05-09,E001439,B011
2019-08-18,,E001440,B003
2021-03-27,2021-03-25,E001441,B013
2018-11-25,2019-03-02,E001442,B005
2024-05-25,,E001443,B009
2016-02-18,,E001444,B001
2023-12-07,2023-12-07,E001445,B011
2022-11-14,,E001446,B010
2022-09-30,2023-04-17,E001447,B008
2021-09-29,2021-06-17,E001448,B009
2021-06-08,,E001449,B013
2018-12-06,2019-02-16,E001450,B015
2022-10-22,,E001451,B007
2021-02-12,,E001452,B010
2018-08-07,,E001453,B006
2022-06-03,,E001454,B008
2018-05-05,2020-07-08,E001455,B004
2020-04-08,2020-06-15,E001456,B001
2022-09-01,2022-10-25,E001457,B011
2021-04-18,2022-02-14,E001458,B012
2017-02-20,2017-03-05,E001459,B003
2019-08-11,,E001460,B004
2015-12-09,,E001461,B013
2020-02-22,2021-07-20,E001462,B002
2019-06-08,,E001463,B007
2022-04-26,2022-07-25,E001464,B010
2024-10-12,,E001465,B008
2020-05-14,2020-06-23,E001466,B009
2024-06-21,,E001467,B004
2021-10-17,2023-02-19,E001468,B010
2022-01-22,,E001469,B007
2018-12-29,2021-11-05,E001470,B012
2024-04-11,,E001471,B008
2020-08-03,2021-09-22,E001472,B010
2022-08-12,,E001473,B011
2019-03-18,2019-06-29,E001474,B001
2021-04-28,,E001475,B009
2022-01-18,2022-01-18,E001476,B008
2020-09-29,,E001477,B008
2023-09-21,,E001478,B011
2015-04-11,2015-04-12,E001479,B009
2019-04-29,2019-04-27,E001480,B002
2023-12-10,,E001481,B007
2017-06-22,,E001482,B007
2024-10-09,,E001483,B006
2024-04-21,,E001484,B005
2019-04-19,,E001485,B001
2018-05-12,2018-04-12,E001486,B013
2021-05-19,2021-05-17,E001487,B010
2020-02-09,2021-09-25,E001488,B006
2021-03-04,,E001489,B011
2022-06-04,,E001490,B010
2015-09-03,2015-07-29,E001491,B015
2024-04-28,,E001492,B002
2022-09-04,2022-10-03,E001493,B005
2021-12-30,,E001494,B013
2023-12-08,,E001495,B015
2018-07-31,,E001496,B004
2023-09-14,,E001497,B006
2023-06-01,,E001498,B012
2018-02-24,,E001499,B012
2022-08-10,2022-09-22,E001500,B001
2021-06-22,2022-08-05,E001501,B010
2019-04-13,2020-07-27,E001502,B009
2023-02-23,2023-05-02,E001503,B014
2021-03-09,2022-12-17,E001504,B004
2021-12-30,,E001505,B005
2019-09-03,2022-11-04,E001506,B015
2018-08-09,,E001507,B006
2021-02-21,2021-02-24,E001508,B010
2018-10-21,,E001509,B008
2019-02-10,,E001510,B007
2021-03-30,2022-09-27,E001511,B007
2021-06-02,,E001512,B015
2020-11-22,2021-08-28,E001513,B005
2016-02-07,,E001514,B004
2021-05-12,,E001515,B001
2020-03-06,2021-05-25,E001516,B009
2023-08-09,,E001517,B014
2020-07-29,2020-07-21,E001518,B004
2018-04-10,2018-09-01,E001519,B007
2018-08-10,,E001520,B010
2019-05-09,2019-07-21,E001521,B007
2018-11-01,2018-11-02,E001522,B006
2015-07-09,2015-07-10,E001523,B005
2023-05-17,,E001524,B015
2024-11-14,,E001525,B005
2021-03-26,2021-06-07,E001526,B002
2017-08-17,2017-08-18,E001527,B014
2022-09-14,,E001528,B007
2016-12-03,2021-06-10,E001529,B013
2021-07-17,,E001530,B010
2023-10-27,,E001531,B008
2019-12-22,,E001532,B014
2024-10-12,,E001533,B008
2023-11-11,2023-11-14,E001534,B007
2022-04-09,,E001535,B011
2023-03-20,,E001536,B010
2017-08-14,2020-03-04,E001537,B010
2017-09-17,2019-08-30,E001538,B002
2022-05-26,2022-05-28,E001539,B012
2024-11-24,,E001540,B006
2016-09-22,2020-12-04,E001541,B012
2022-02-24,2022-03-01,E001542,B014
2022-10-28,2023-01-19,E001543,B011
2019-02-20,2019-12-11,E001544,B002
2023-02-21,,E001545,B004
2023-07-12,,E001546,B015
2022-06-08,2022-10-29,E001547,B004
2024-08-16,,E001548,B010
2021-09-18,2022-01-08,E001549,B005
2023-06-06,,E001550,B001
2023-11-26,,E001551,B015
2017-09-08,2018-06-20,E001552,B012
2023-08-26,2023-10-11,E001553,B009
2021-11-16,,E001554,B008
2021-05-05,,E001555,B006
2023-12-22,,E001556,B014
2023-05-22,,E001557,B014
2016-10-16,2016-11-06,E001558,B008
2022-07-07,,E001559,B011
2017-12-27,,E001560,B003
2018-07-15,2019-12-20,E001561,B008
2021-11-19,,E001562,B008
2021-12-31,,E001563,B009
2019-05-20,2019-06-08,E001564,B010
2023-11-06,,E001565,B008
2022-01-14,2022-04-07,E001566,B015
2024-09-12,,E001567,B012
2023-09-28,,E001568,B015
2018-12-28,2021-02-01,E001569,B005
2021-06-06,,E001570,B002
2018-04-19,2018-04-10,E001571,B004
2016-10-28,2019-12-29,E001572,B007
2023-03-18,2023-05-01,E001573,B011
2019-12-14,2020-04-03,E001574,B015
2019-11-30,,E001575,B008
2017-12-22,2018-03-27,E001576,B012
2021-08-30,,E001577,B011
2020-07-21,2021-12-30,E001578,B002
2017-10-23,,E001579,B004
2018-01-27,,E001580,B005
2021-09-26,2021-10-04,E001581,B013
2019-03-04,,E001582,B011
2019-01-20,2019-12-03,E001583,B011
2024-09-07,,E001584,B002
2019-05-11,2019-08-15,E001585,B009
2024-10-05,,E001586,B011
2022-08-25,2022-10-27,E001587,B015
2020-05-16,2020-02-25,E001588,B001
2022-11-01,,E001589,B005
2023-01-10,2023-03-08,E001590,B007
2022-07-27,,E001591,B014
2020-11-19,2021-02-25,E001592,B010
2024-07-07,,E001593,B014
2019-09-08,2020-12-19,E001594,B006
2024-01-01,,E001595,B014
2020-04-01,2020-06-29,E001596,B002
2015-07-01,2015-06-18,E001597,B004
2018-09-16,2019-09-25,E001598,B014
2018-08-09,2019-03-11,E001599,B013
2019-06-29,2019-07-20,E001600,B015
2023-03-31,2023-09-13,E001601,B003
2015-09-28,2015-08-31,E001602,B015
2016-11-16,2020-03-30,E001603,B010
2020-06-09,,E001604,B002
2017-10-26,2019-02-27,E001605,B005
2023-06-03,,E001606,B006
2022-09-05,2022-11-17,E001607,B015
2024-06-06,,E001608,B008
2019-03-26,2022-04-16,E001609,B001
2021-08-04,,E001610,B009
2019-05-27,2019-05-10,E001611,B008
2024-02-17,,E001612,B001
2024-10-19,,E001613,B004
2022-11-07,2022-12-09,E001614,B014
2022-08-05,,E001615,B015
2019-08-16,2019-08-16,E001616,B014
2022-03-16,2022-04-02,E001617,B012
2021-07-29,2021-12-20,E001618,B010
2023-05-22,,E001619,B001
2017-11-20,2018-05-22,E001620,B004
2016-03-06,2018-05-02,E001621,B013
2021-10-18,,E001622,B014
2021-06-06,2021-05-19,E001623,B014
2022-05-12,2023-04-23,E001624,B010
2021-09-28,,E001625,B012
2024-01-08,,E001626,B001
2021-11-05,,E001627,B009
2021-06-27,2022-01-27,E001628,B015
2019-07-20,2020-01-13,E001629,B006
2021-10-15,2022-02-24,E001630,B013
