oforder_id,table_number,employee_id,branch_id,employee_rating
O000012,5,E011000,B001,5
O000013,50,E003637,B001,5
O000014,34,E009558,B001,2
O000015,38,E014772,B001,5
O000016,40,E014327,B001,4
O000017,15,E000892,B001,5
O000018,44,E004666,B001,5
O000019,6,E000189,B001,5
O000020,10,E006492,B001,5
O000021,4,E006793,B001,5
O000022,27,E005590,B001,5
O000023,23,E004175,B001,5
O000024,35,E014541,B001,1
O000025,44,E004026,B001,2
O000026,29,E002092,B001,2
O000027,14,E001982,B001,5
O000028,38,E014071,B001,5
O000029,33,E013981,B001,5
O000030,28,E012807,B001,5
O000031,29,E009544,B001,2
O000032,9,E012749,B001,1
O000033,12,E005536,B001,1
O000034,37,E004111,B001,5
O000035,17,E002170,B001,1
O000120,23,E014984,B002,4
O000121,48,E015007,B002,4
O000122,4,E014984,B002,5
O000123,31,E015007,B002,3
O000124,25,E015004,B002,5
O000125,47,E014996,B002,5
O000126,43,E015008,B002,1
O000127,43,E014990,B002,1
O000128,2,E015005,B002,5
O000129,50,E014997,B002,5
O000130,40,E014984,B002,5
O000131,22,E014985,B002,4
O000132,9,E015003,B002,3
O000133,3,E000002,B002,1
O000235,41,E015010,B003,5
O000236,24,E015009,B003,2
O000237,49,E015010,B003,5
O000238,29,E015010,B003,5
O000239,37,E015020,B003,2
O000240,37,E015016,B003,3
O000241,40,E015010,B003,5
O000242,33,E015018,B003,4
O000243,22,E015016,B003,5
O000244,19,E015010,B003,5
O000245,15,E015016,B003,5
O000246,28,E015020,B003,3
O000247,50,E015010,B003,1
O000248,10,E015013,B003,5
O000249,31,E015010,B003,5
O000250,8,E015010,B003,4
O000251,10,E015020,B003,5
O000252,44,E015010,B003,5
O000253,2,E015010,B003,5
O000254,25,E015020,B003,1
O000321,11,E015028,B004,5
O000322,20,E015022,B004,5
O000323,20,E015030,B004,5
O000324,38,E015025,B004,5
O000325,24,E015028,B004,5
O000326,41,E000004,B004,5
O000327,12,E015031,B004,4
O000328,32,E015023,B004,5
O000329,45,E000004,B004,2
O000330,50,E015025,B004,5
O000331,34,E015028,B004,5
O000332,6,E000004,B004,5
O000333,24,E015026,B004,5
O000334,40,E015025,B004,5
O000335,40,E015023,B004,3
O000336,24,E015030,B004,5
O000337,24,E015030,B004,5
O000338,1,E015025,B004,4
O000339,16,E015025,B004,5
O000340,32,E015030,B004,5
O000341,33,E015025,B004,2
O000342,29,E015025,B004,5
O000343,1,E015030,B004,1
O000344,24,E015030,B004,5
O000431,47,E015040,B005,5
O000432,1,E015040,B005,5
O000433,33,E015041,B005,5
O000434,19,E015036,B005,5
O000435,26,E015038,B005,5
O000436,30,E015039,B005,5
O000437,48,E015033,B005,3
O000438,28,E015038,B005,2
O000439,5,E015038,B005,5
O000440,38,E015040,B005,5
O000441,46,E000005,B005,5
O000442,25,E015044,B005,5
O000443,28,E015039,B005,5
O000444,29,E015040,B005,5
O000445,19,E015040,B005,5
O000446,16,E015033,B005,5
O000447,5,E015038,B005,3
O000448,7,E015037,B005,5
O000449,38,E015038,B005,3
O000547,27,E015045,B006,5
O000548,42,E015045,B006,2
O000549,37,E015046,B006,5
O000550,11,E015051,B006,5
O000551,30,E015053,B006,5
O000553,35,E015048,B006,4
O000554,43,E015055,B006,5
O000555,50,E015046,B006,5
O000556,17,E015053,B006,5
O000557,38,E015046,B006,5
O000559,35,E015045,B006,2
O000560,32,E000006,B006,5
O000561,9,E015054,B006,3
O000562,36,E015048,B006,5
O000563,27,E015056,B006,5
O000564,5,E015049,B006,5
O000565,24,E015048,B006,5
O000566,34,E015048,B006,5
O000567,31,E015045,B006,5
O000568,14,E015055,B006,5
O000569,2,E015045,B006,2
O000669,1,E000007,B007,5
O000670,20,E015061,B007,1
O000671,25,E015057,B007,2
O000672,17,E015058,B007,5
O000673,15,E015066,B007,5
O000674,2,E015059,B007,2
O000675,30,E015066,B007,5
O000676,21,E015058,B007,1
O000677,48,E015065,B007,1
O000678,43,E015065,B007,5
O000679,9,E015058,B007,5
O000680,36,E015068,B007,5
O000682,5,E015068,B007,5
O000683,14,E015058,B007,5
O000684,35,E015058,B007,5
O000685,32,E015057,B007,5
O000686,6,E015057,B007,4
O000687,34,E015061,B007,5
O000688,1,E015065,B007,1
O000689,6,E000007,B007,5
O000690,28,E015066,B007,5
O000691,4,E015064,B007,5
O000692,24,E015066,B007,5
O000693,6,E015068,B007,1
O000694,23,E015066,B007,5
O000695,39,E015062,B007,5
O000785,26,E015074,B008,5
O000786,37,E015079,B008,1
O000787,14,E015077,B008,5
O000789,33,E015074,B008,3
O000790,34,E015071,B008,5
O000792,26,E015079,B008,5
O000794,5,E015080,B008,5
O000795,25,E015074,B008,5
O000796,28,E015077,B008,5
O000797,17,E015074,B008,5
O000798,1,E000008,B008,5
O000799,1,E015079,B008,5
O000800,16,E015080,B008,5
O000801,5,E015078,B008,2
O000803,14,E015080,B008,5
O000804,27,E015069,B008,5
O000805,29,E015069,B008,5
O000806,23,E015077,B008,3
O000807,41,E015077,B008,3
O000808,30,E015074,B008,5
O000809,18,E015080,B008,5
O000894,32,E015090,B009,3
O000895,48,E015088,B009,2
O000896,19,E000009,B009,2
O000897,5,E015088,B009,5
O000898,4,E015088,B009,2
O000899,46,E015083,B009,5
O000900,20,E000009,B009,5
O000901,5,E015082,B009,5
O000902,43,E015090,B009,3
O000903,29,E015084,B009,5
O000904,13,E000009,B009,2
O000905,15,E015084,B009,5
O000907,1,E015081,B009,5
O000908,2,E000009,B009,5
O000909,38,E000009,B009,5
O000911,17,E015090,B009,1
O000912,19,E015088,B009,4
O000913,17,E015084,B009,4
O000914,11,E015083,B009,3
O000915,24,E015088,B009,5
O000916,24,E015089,B009,5
O000917,40,E015091,B009,5
O001024,9,E015095,B010,5
O001025,17,E015101,B010,5
O001026,32,E015104,B010,5
O001027,40,E015093,B010,5
O001028,43,E015093,B010,5
O001029,21,E015098,B010,2
O001030,7,E015101,B010,5
O001031,28,E015103,B010,5
O001032,33,E015103,B010,5
O001033,7,E015101,B010,5
O001034,6,E015104,B010,5
O001035,7,E015104,B010,1
O001036,23,E000010,B010,1
O001037,43,E015102,B010,5
O001038,33,E015101,B010,5
O001039,46,E000010,B010,4
O001040,12,E015097,B010,5
O001041,13,E015093,B010,5
O001042,42,E015103,B010,5
O001043,10,E015101,B010,1
O001044,6,E015098,B010,5
O001045,49,E015104,B010,1
O001046,18,E015103,B010,3
O001047,1,E015093,B010,5
O001048,12,E015093,B010,5
O001049,10,E015103,B010,2
O001050,41,E000010,B010,5
O001133,10,E000011,B011,5
O001134,41,E015113,B011,5
O001135,6,E000011,B011,5
O001136,12,E015111,B011,4
O001138,16,E015108,B011,5
O001139,21,E015107,B011,5
O001140,22,E015105,B011,5
O001143,29,E015111,B011,5
O001144,50,E015105,B011,5
O001145,21,E000011,B011,5
O001146,44,E015106,B011,5
O001148,17,E015113,B011,5
O001149,42,E015111,B011,1
O001150,6,E015105,B011,2
O001151,21,E015111,B011,5
O001244,9,E015127,B012,1
O001245,22,E015120,B012,5
O001246,45,E015128,B012,5
O001247,27,E015117,B012,2
O001248,24,E000012,B012,1
O001249,46,E015124,B012,5
O001250,8,E015119,B012,5
O001251,42,E015120,B012,3
O001252,36,E015124,B012,5
O001253,16,E015127,B012,5
O001254,2,E000012,B012,5
O001255,48,E015128,B012,5
O001256,17,E015124,B012,5
O001257,25,E015128,B012,5
O001258,43,E015124,B012,5
O001259,41,E015120,B012,1
O001260,15,E015124,B012,5
O001261,38,E000012,B012,5
O001262,9,E015124,B012,1
O001263,48,E000012,B012,4
O001264,43,E000012,B012,4
O001265,39,E015124,B012,5
O001266,21,E015124,B012,2
O001267,11,E015119,B012,5
O001268,3,E015127,B012,4
O001380,6,E015132,B013,5
O001381,13,E015129,B013,5
O001382,34,E015131,B013,5
O001383,45,E015138,B013,5
O001384,24,E015133,B013,5
O001386,31,E015134,B013,5
O001387,5,E015139,B013,1
O001388,11,E015134,B013,5
O001389,2,E015131,B013,5
O001390,7,E015129,B013,5
O001391,32,E015134,B013,1
O001392,14,E015134,B013,5
O001393,39,E015138,B013,5
O001394,30,E015133,B013,4
O001395,17,E015135,B013,3
O001396,5,E015139,B013,5
O001397,30,E015132,B013,5
O001398,44,E015132,B013,5
O001399,42,E015136,B013,5
O001400,20,E015140,B013,5
O001401,13,E015129,B013,5
O001472,8,E015147,B014,5
O001473,13,E015151,B014,5
O001474,32,E015151,B014,3
O001475,26,E015142,B014,5
O001477,17,E015149,B014,2
O001478,5,E015144,B014,4
O001479,21,E015151,B014,3
O001481,10,E015151,B014,3
O001482,39,E015145,B014,5
O001484,48,E015144,B014,5
O001485,7,E015146,B014,1
O001486,4,E015150,B014,5
O001487,35,E015142,B014,5
O001489,38,E015146,B014,4
O001490,28,E000014,B014,3
O001491,43,E015146,B014,5
O001590,35,E015159,B015,1
O001591,7,E015159,B015,5
O001592,10,E015158,B015,2
O001593,22,E015159,B015,3
O001594,19,E000015,B015,5
O001595,37,E015155,B015,5
O001596,29,E015154,B015,1
O001597,14,E015156,B015,2
O001598,27,E015154,B015,5
O001599,2,E000015,B015,3
O001600,17,E015154,B015,5
O001601,26,E015154,B015,5
O001602,1,E015155,B015,5
O001604,49,E015155,B015,4
O001605,7,E015156,B015,5
O001606,5,E015154,B015,1
O001607,38,E015162,B015,3
O001608,7,E015155,B015,5
O001610,15,E015164,B015,5
