EMPLOYEE_ID,FULL_NAME,DATE_OF_BIRTH,GENDER,SALARY,START_DATE,TERMINATION_DATE,DEPARTMENT_ID
E000001,Hoang Hoai Thanh,1978-03-27,Nu,12000000,2016-11-14,,D001
E000002,Dang Ngoc Minh,1995-04-26,Nu,8000000,2015-06-15,2019-10-13,D002
E000003,Vu Ngoc Anh,1976-04-21,Nu,8000000,2015-10-24,2021-02-17,D002
E000004,Bui Hoai Thanh,1981-08-05,Nam,8000000,2020-09-06,2023-07-28,D002
E000005,Bui Thu Anh,1986-03-17,Nu,8000000,2018-04-15,,D002
E000006,Bui Hoai Thi,1982-12-27,Nu,8000000,2022-11-10,,D002
E000007,Hoang Dinh Van,1979-10-05,Nam,8000000,2021-02-16,2023-01-13,D002
E000008,Nguyen Khoa Minh,1985-02-21,Nam,8000000,2017-09-14,2019-07-24,D002
E000009,Nguyen Khoa Anh,1972-03-11,Nam,8000000,2016-01-09,2018-08-28,D002
E000010,Vu Hai Van,1972-07-04,Nu,8000000,2016-08-15,2016-10-20,D002
E000011,Hoang Ngoc Van,1985-06-09,Nu,8000000,2015-05-08,2019-10-04,D002
E000012,Nguyen Hai Thanh,2000-01-10,Nam,8000000,2021-04-09,2022-03-27,D002
E000013,Nguyen Hai Linh,1978-06-25,Nu,8000000,2019-02-13,2021-01-11,D002
E000014,Vu Thu Duc,1994-11-15,Nam,8000000,2017-08-11,,D002
E000015,Pham Khoa Duc,1981-09-15,Nu,11000000,2021-02-13,2021-02-14,D003
E000016,Vu Thuy Van,1997-02-20,Nam,11000000,2020-08-13,,D003
E000017,Bui Huu Thi,1976-12-03,Nu,11000000,2022-07-04,2022-07-05,D003
E000018,Nguyen Huu Quang,1997-11-23,Nam,11000000,2020-12-12,,D003
E000019,Nguyen Khoa Minh,1982-04-18,Nu,11000000,2022-05-07,,D003
E000020,Nguyen Hai Thanh,1977-03-26,Nam,11000000,2018-10-17,,D003
E000021,Pham Huu Minh,1999-12-03,Nu,11000000,2017-11-24,,D003
E000022,Vu Thu Thanh,1994-12-26,Nu,11000000,2019-07-03,2020-03-19,D003
E000023,Pham Dinh Thanh,1971-11-09,Nu,11000000,2017-09-18,2017-09-19,D003
E000024,Le Hai Duc,1988-10-03,Nam,11000000,2021-12-21,2021-12-22,D003
E000025,Bui Ngoc Linh,1998-06-09,Nu,11000000,2019-12-19,,D003
E000026,Vu Khoa Linh,1975-05-03,Nam,11000000,2017-08-23,,D003
E000027,Tran Thu Quang,1979-03-21,Nam,11000000,2017-06-17,,D003
E000028,Pham Huu Duc,1981-04-24,Nu,11000000,2018-04-18,,D003
E000029,Vu Hoai Minh,1982-04-11,Nam,11000000,2020-08-26,,D003
E000030,Nguyen Hai Van,1990-12-06,Nam,14000000,2021-12-03,2023-05-27,D004
E000031,Bui Hoai Linh,1997-09-27,Nu,14000000,2017-09-12,,D004
E000032,Vu Huu Duc,1970-03-03,Nu,14000000,2022-09-16,,D004
E000033,Vu Huu Van,1993-04-16,Nam,14000000,2017-02-24,2020-06-21,D004
E000034,Vu Khoa Minh,1989-09-15,Nu,14000000,2017-05-21,,D004
E000035,Nguyen Dinh Minh,1977-01-01,Nam,14000000,2022-07-12,,D004
E000036,Pham Khoa Quang,1975-11-27,Nu,14000000,2016-08-15,2020-01-08,D004
E000037,Bui Ngoc Van,1996-10-16,Nu,14000000,2022-03-15,2023-08-10,D004
E000038,Nguyen Huu Minh,1972-09-23,Nam,14000000,2017-11-19,,D004
E000039,Hoang Thuy Linh,1987-06-15,Nu,14000000,2017-12-25,2020-02-13,D004
E000040,Nguyen Hoai Quang,1996-07-11,Nu,14000000,2021-05-13,2021-11-23,D004
E000041,Le Thu Minh,1973-01-06,Nam,14000000,2016-01-24,2019-11-22,D004
E000042,Nguyen Huu Quang,1989-04-08,Nu,14000000,2019-05-13,,D004
E000043,Vu Dinh Linh,1982-09-21,Nam,14000000,2019-04-17,2020-05-12,D004
E000044,Vu Thu Quang,1996-03-02,Nu,14000000,2017-04-10,2023-03-26,D004
E000045,Nguyen Thu Linh,1983-10-02,Nu,14000000,2020-10-17,,D004
E000046,Vu Thuy Anh,1983-03-27,Nu,14000000,2016-11-22,,D004
E000047,Pham Hai Thanh,1990-01-23,Nam,14000000,2018-10-01,,D004
E000048,Bui Hai Anh,1981-01-16,Nu,14000000,2020-05-20,,D004
E000049,Tran Ngoc Quang,1975-12-23,Nam,17000000,2015-06-27,,D005
E000050,Nguyen Huu Linh,1971-11-22,Nu,17000000,2020-07-09,,D005
E000051,Tran Thu Linh,1975-08-03,Nu,17000000,2015-05-08,2023-09-14,D005
E000052,Tran Thu Anh,1983-10-21,Nam,17000000,2022-12-22,2022-12-23,D005
E000053,Nguyen Ngoc Quang,1996-02-04,Nam,17000000,2021-03-12,2023-04-07,D005
E000054,Tran Khoa Thanh,1978-03-15,Nu,17000000,2015-12-25,2019-03-05,D005
E000055,Vu Thu Thi,1986-03-14,Nam,17000000,2019-10-05,2021-06-09,D005
E000056,Hoang Khoa Van,1977-12-26,Nu,17000000,2021-10-24,2023-09-19,D005
E000057,Le Ngoc Thanh,1986-08-28,Nam,17000000,2017-01-28,,D005
E000058,Vu Hoai Thi,1984-10-24,Nam,17000000,2020-07-18,2022-04-22,D005
E000059,Hoang Hai Linh,1977-12-27,Nu,17000000,2018-04-27,2019-04-03,D005
E000060,Pham Hoai Thi,2000-07-16,Nu,17000000,2022-07-06,,D005
E000061,Hoang Ngoc Thanh,1983-04-19,Nu,17000000,2020-04-21,2023-04-13,D005
E000062,Pham Ngoc Minh,1988-04-04,Nam,17000000,2017-05-11,,D005
E000063,Bui Dinh Minh,1980-06-10,Nam,13000000,2020-07-18,,D006
E000064,Tran Hai Duc,1988-04-26,Nu,13000000,2019-01-02,2022-07-16,D006
E000065,Pham Hoai Minh,1979-12-20,Nu,13000000,2019-01-24,2021-03-04,D006
E000066,Hoang Hoai Thi,1980-10-11,Nu,13000000,2019-01-16,,D006
E000067,Hoang Dinh Duc,1973-12-08,Nam,13000000,2022-08-18,2022-08-19,D006
E000068,Nguyen Hai Duc,1977-08-04,Nu,13000000,2022-12-17,2022-12-18,D006
E000069,Dang Khoa Thanh,1997-11-10,Nam,13000000,2018-07-09,2023-01-26,D006
E000070,Dang Hai Thi,1992-07-18,Nu,13000000,2021-04-05,2022-09-25,D006
E000071,Bui Khoa Linh,1997-02-25,Nam,13000000,2016-08-02,,D006
E000072,Bui Huu Thi,1982-08-22,Nam,13000000,2022-06-17,2022-06-18,D006
E000073,Bui Thuy Van,1995-03-04,Nam,13000000,2016-07-11,,D006
E000074,Pham Thu Minh,1991-02-13,Nam,13000000,2015-11-04,2021-06-20,D006
E000075,Dang Khoa Thanh,1970-01-22,Nam,18000000,2021-01-10,2022-09-01,D007
E000076,Bui Dinh Quang,2000-02-09,Nu,18000000,2021-03-15,2022-10-08,D007
E000077,Vu Thuy Thi,1984-03-16,Nam,18000000,2022-12-11,2022-12-12,D007
E000078,Vu Khoa Quang,1972-08-09,Nu,18000000,2016-08-01,2017-04-05,D007
E000079,Tran Thuy Anh,1977-10-25,Nam,18000000,2017-08-15,,D007
E000080,Nguyen Ngoc Linh,1976-09-01,Nam,18000000,2017-02-03,2023-02-09,D007
E000081,Le Khoa Linh,1995-12-16,Nu,18000000,2019-01-11,2022-06-05,D007
E000082,Nguyen Thuy Van,1979-11-23,Nam,18000000,2021-06-01,2022-04-22,D007
E000083,Pham Khoa Thanh,1990-07-06,Nam,18000000,2020-02-28,2022-07-10,D007
E000084,Dang Huu Linh,1986-11-21,Nu,18000000,2016-04-27,,D007
E000085,Nguyen Thuy Linh,1986-04-07,Nam,18000000,2019-02-09,2020-03-19,D007
E000086,Nguyen Hai Anh,1973-01-22,Nam,18000000,2016-05-19,,D007
E000087,Le Hoai Thi,1974-03-04,Nu,12000000,2016-08-27,,D008
E000088,Bui Thuy Quang,1997-12-23,Nam,8000000,2022-11-16,,D009
E000089,Tran Ngoc Quang,2000-04-19,Nam,8000000,2018-08-15,,D009
E000090,Pham Thu Thi,1992-12-25,Nu,8000000,2020-11-13,,D009
E000091,Nguyen Hoai Quang,1982-12-24,Nam,8000000,2021-04-26,,D009
E000092,Vu Thuy Duc,1984-04-01,Nu,8000000,2022-01-08,2022-08-04,D009
E000093,Le Hoai Thanh,1998-09-02,Nam,8000000,2018-10-16,,D009
E000094,Bui Ngoc Van,1992-04-26,Nu,8000000,2016-01-23,2019-08-27,D009
E000095,Le Huu Linh,1984-03-20,Nu,8000000,2019-02-21,,D009
E000096,Nguyen Thu Duc,1980-04-16,Nu,8000000,2021-02-09,2022-11-15,D009
E000097,Vu Thuy Quang,1990-09-22,Nu,8000000,2022-12-20,,D009
E000098,Dang Ngoc Thanh,1982-09-09,Nu,8000000,2018-11-22,,D009
E000099,Dang Hoai Thi,1982-10-18,Nu,8000000,2015-05-10,2019-12-14,D009
E000100,Tran Huu Thanh,2000-01-24,Nu,8000000,2016-12-06,,D009
E000101,Dang Hai Minh,1995-10-02,Nam,11000000,2017-04-19,2019-09-25,D010
E000102,Dang Dinh Van,1976-07-26,Nu,11000000,2018-07-01,,D010
E000103,Vu Hai Linh,1979-01-11,Nu,11000000,2022-02-11,,D010
E000104,Hoang Huu Minh,1986-06-08,Nu,11000000,2022-01-04,2023-11-22,D010
E000105,Vu Hai Linh,1982-04-10,Nu,11000000,2020-01-24,,D010
E000106,Hoang Huu Thi,1975-12-28,Nu,11000000,2021-08-04,2023-01-23,D010
E000107,Pham Dinh Minh,1973-11-22,Nam,11000000,2018-07-22,,D010
E000108,Dang Khoa Minh,1997-10-11,Nu,11000000,2016-08-23,2020-10-28,D010
E000109,Dang Khoa Thanh,1974-04-08,Nu,11000000,2017-03-07,,D010
E000110,Tran Dinh Thanh,2000-06-11,Nu,11000000,2021-10-04,2021-10-05,D010
E000111,Pham Dinh Linh,1986-03-16,Nam,11000000,2017-01-05,,D010
E000112,Dang Hoai Quang,1993-05-01,Nu,11000000,2015-05-22,,D010
E000113,Nguyen Thuy Anh,1987-02-21,Nam,11000000,2016-06-28,2018-08-10,D010
E000114,Le Khoa Minh,1981-03-04,Nam,11000000,2018-04-25,,D010
E000115,Vu Hai Van,1992-02-28,Nu,11000000,2021-12-19,,D010
E000116,Vu Hai Quang,1999-12-05,Nu,11000000,2017-04-20,2019-09-08,D010
E000117,Dang Thuy Quang,1996-12-01,Nam,11000000,2021-05-26,,D010
E000118,Dang Dinh Minh,1987-03-14,Nam,11000000,2015-05-12,2016-06-22,D010
E000119,Pham Thu Anh,1987-08-02,Nam,14000000,2017-06-09,2022-06-27,D011
E000120,Bui Hai Thi,1971-10-13,Nam,14000000,2015-09-06,2016-09-27,D011
E000121,Vu Huu Quang,2000-04-10,Nam,14000000,2021-02-09,2022-02-16,D011
E000122,Vu Hai Thi,1987-03-07,Nu,14000000,2018-04-18,2019-06-03,D011
E000123,Nguyen Dinh Van,1974-09-25,Nam,14000000,2020-12-28,,D011
E000124,Tran Ngoc Anh,1995-12-05,Nu,14000000,2017-02-13,,D011
E000125,Le Thu Duc,1995-11-10,Nu,14000000,2018-02-10,,D011
E000126,Bui Huu Minh,1975-06-18,Nu,14000000,2018-08-08,,D011
E000127,Pham Ngoc Thi,1979-07-18,Nu,14000000,2020-11-26,2020-12-14,D011
E000128,Pham Thu Thi,1971-03-10,Nu,14000000,2018-11-25,,D011
E000129,Tran Dinh Van,1973-11-06,Nu,17000000,2021-10-08,2022-06-09,D012
E000130,Dang Thu Minh,1984-12-18,Nu,17000000,2018-04-08,,D012
E000131,Tran Huu Thi,1982-06-06,Nam,17000000,2019-04-09,2022-11-14,D012
E000132,Nguyen Huu Thanh,1985-07-23,Nam,17000000,2021-09-07,,D012
E000133,Vu Thuy Thi,1998-09-22,Nu,17000000,2016-12-09,2019-10-12,D012
E000134,Pham Huu Quang,1993-12-09,Nu,17000000,2017-01-26,2018-06-11,D012
E000135,Dang Huu Linh,1970-01-06,Nam,17000000,2020-08-20,,D012
E000136,Bui Hai Thanh,1976-10-20,Nam,17000000,2017-04-09,2017-12-18,D012
E000137,Tran Ngoc Anh,1984-06-17,Nu,17000000,2017-05-20,2017-05-21,D012
E000138,Tran Khoa Thi,1978-04-14,Nam,17000000,2021-10-28,,D012
E000139,Vu Khoa Minh,1984-10-03,Nam,17000000,2022-12-01,,D012
E000140,Dang Huu Van,2000-02-23,Nam,17000000,2021-06-03,2023-10-26,D012
E000141,Dang Hai Linh,1985-02-01,Nu,17000000,2021-12-11,,D012
E000142,Bui Dinh Duc,1986-09-28,Nu,13000000,2017-09-27,,D013
E000143,Tran Huu Minh,1988-06-10,Nam,13000000,2017-08-18,2018-10-11,D013
E000144,Le Dinh Linh,1977-09-19,Nu,13000000,2022-08-23,,D013
E000145,Vu Khoa Minh,1984-02-18,Nam,13000000,2020-03-11,,D013
E000146,Vu Thuy Linh,1991-02-17,Nam,13000000,2019-06-21,2022-02-01,D013
E000147,Hoang Hai Duc,1999-05-25,Nam,13000000,2015-07-09,,D013
E000148,Nguyen Hai Thi,1974-01-22,Nam,13000000,2017-06-01,2017-10-05,D013
E000149,Bui Hai Anh,1975-11-06,Nam,13000000,2017-12-20,,D013
E000150,Dang Thuy Minh,1973-01-25,Nu,13000000,2022-07-10,2023-07-24,D013
E000151,Nguyen Hoai Quang,1983-11-17,Nam,13000000,2015-09-22,2015-09-23,D013
E000152,Tran Huu Minh,1993-07-12,Nu,13000000,2017-06-25,2021-07-24,D013
E000153,Le Huu Van,1980-08-18,Nam,13000000,2015-08-15,2023-08-13,D013
E000154,Nguyen Hoai Minh,1986-05-20,Nam,13000000,2017-01-19,2020-11-06,D013
E000155,Dang Hai Quang,1977-05-20,Nu,13000000,2019-05-20,,D013
E000156,Pham Hai Duc,1997-12-13,Nu,18000000,2018-11-18,2018-11-19,D014
E000157,Pham Thuy Thi,1997-12-13,Nu,18000000,2020-09-06,,D014
E000158,Hoang Huu Duc,1985-08-23,Nam,18000000,2015-02-22,2022-05-28,D014
E000159,Hoang Hoai Anh,1994-01-25,Nu,18000000,2015-07-10,2018-02-06,D014
E000160,Bui Hai Duc,2000-03-14,Nam,18000000,2015-09-13,,D014
E000161,Hoang Huu Quang,1975-09-02,Nu,18000000,2021-07-21,2022-10-02,D014
E000162,Vu Khoa Minh,1972-09-24,Nu,18000000,2016-07-20,,D014
E000163,Hoang Hai Thi,1979-12-01,Nu,18000000,2016-10-11,2018-09-02,D014
E000164,Hoang Dinh Van,1990-12-01,Nu,18000000,2018-11-02,,D014
E000165,Tran Dinh Thi,1975-04-04,Nu,18000000,2018-11-23,,D014
E000166,Pham Ngoc Van,1973-01-03,Nu,18000000,2017-02-17,2017-04-18,D014
E000167,Hoang Dinh Thi,1990-02-19,Nam,12000000,2016-12-09,,D015
E000168,Vu Hoai Duc,1981-01-08,Nu,8000000,2019-09-04,2019-09-05,D016
E000169,Le Thu Thanh,1995-02-23,Nu,8000000,2020-09-03,,D016
E000170,Nguyen Hoai Duc,1975-01-20,Nam,8000000,2017-04-27,2022-11-28,D016
E000171,Bui Hai Van,1973-01-08,Nam,8000000,2022-04-20,2022-08-26,D016
E000172,Tran Hoai Duc,1975-04-21,Nu,8000000,2021-06-26,,D016
E000173,Bui Hoai Minh,1997-09-05,Nu,8000000,2016-03-26,,D016
E000174,Tran Khoa Duc,1979-12-19,Nu,8000000,2019-10-26,,D016
E000175,Pham Thu Quang,1977-07-03,Nam,8000000,2019-09-03,2021-05-26,D016
E000176,Dang Thuy Minh,1998-09-23,Nam,8000000,2022-07-17,2023-04-02,D016
E000177,Vu Khoa Duc,1985-07-19,Nu,8000000,2022-02-15,2023-11-15,D016
E000178,Pham Hoai Duc,1978-10-26,Nu,8000000,2021-03-18,2023-08-16,D016
E000179,Vu Thuy Minh,1978-11-20,Nu,8000000,2017-03-02,2019-05-02,D016
E000180,Nguyen Dinh Thi,1984-12-19,Nam,11000000,2022-10-23,,D017
E000181,Dang Khoa Thanh,1975-03-28,Nam,11000000,2019-07-16,,D017
E000182,Hoang Thu Anh,1982-07-05,Nu,11000000,2015-12-06,2015-12-07,D017
E000183,Pham Ngoc Minh,1974-06-06,Nu,11000000,2015-07-20,2019-06-01,D017
E000184,Le Thu Thi,1974-11-05,Nam,11000000,2015-05-08,,D017
E000185,Vu Hai Quang,1976-02-06,Nu,11000000,2022-07-10,,D017
E000186,Hoang Hai Thanh,1992-10-16,Nu,11000000,2016-10-02,,D017
E000187,Le Thu Anh,1976-09-02,Nu,11000000,2016-09-26,2021-10-26,D017
E000188,Nguyen Hai Van,1992-04-03,Nu,11000000,2022-01-09,,D017
E000189,Bui Hai Quang,1993-12-18,Nam,11000000,2016-02-21,,D017
E000190,Pham Thu Linh,1971-02-06,Nu,11000000,2016-10-20,2021-09-27,D017
E000191,Hoang Dinh Minh,1979-06-20,Nu,14000000,2015-09-26,2019-07-22,D018
E000192,Le Dinh Anh,1997-09-08,Nu,14000000,2020-01-08,,D018
E000193,Hoang Dinh Anh,1989-12-05,Nu,14000000,2020-07-19,2022-02-18,D018
E000194,Pham Thuy Duc,1985-05-18,Nu,14000000,2017-05-23,2020-04-15,D018
E000195,Vu Thu Thi,1992-05-04,Nam,14000000,2015-01-14,,D018
E000196,Vu Dinh Van,1980-07-14,Nam,14000000,2016-03-10,,D018
E000197,Tran Hai Thi,1997-12-02,Nam,14000000,2018-01-02,2021-02-22,D018
E000198,Dang Hai Van,1972-10-22,Nu,14000000,2017-04-01,2019-06-17,D018
E000199,Vu Thuy Linh,1996-03-15,Nam,14000000,2020-04-27,,D018
E000200,Pham Khoa Anh,1996-08-11,Nu,14000000,2016-02-07,,D018
E000201,Nguyen Dinh Van,1972-03-07,Nam,14000000,2018-11-16,,D018
E000202,Bui Hoai Linh,1999-08-08,Nu,14000000,2020-07-20,2022-08-21,D018
E000203,Bui Hai Thi,1970-05-08,Nu,14000000,2020-12-03,,D018
E000204,Pham Hoai Duc,1998-09-26,Nu,14000000,2020-03-14,,D018
E000205,Bui Hoai Duc,1977-11-15,Nu,14000000,2017-03-08,,D018
E000206,Bui Khoa Minh,1991-05-12,Nam,14000000,2018-04-21,,D018
E000207,Vu Hoai Quang,1974-02-02,Nam,17000000,2016-11-03,2022-07-02,D019
E000208,Pham Hoai Van,1995-05-19,Nu,17000000,2017-10-05,,D019
E000209,Hoang Hai Anh,1982-11-27,Nu,17000000,2016-08-10,,D019
E000210,Pham Hoai Linh,1987-02-12,Nu,17000000,2015-09-11,2020-07-18,D019
E000211,Hoang Huu Minh,1985-05-08,Nam,17000000,2016-10-17,,D019
E000212,Tran Hoai Duc,1998-06-13,Nu,17000000,2020-02-09,2020-09-16,D019
E000213,Nguyen Khoa Thanh,1995-04-19,Nu,17000000,2022-04-28,2023-12-08,D019
E000214,Vu Thuy Anh,1985-12-23,Nu,17000000,2017-08-03,2021-08-17,D019
E000215,Le Thuy Linh,1973-07-14,Nu,17000000,2021-08-03,,D019
E000216,Le Khoa Linh,1979-04-16,Nam,17000000,2019-07-25,2021-09-16,D019
E000217,Vu Thu Van,1971-09-05,Nu,13000000,2016-02-08,,D020
E000218,Dang Khoa Van,1974-05-17,Nu,13000000,2016-01-05,2017-11-24,D020
E000219,Tran Ngoc Duc,1976-03-04,Nam,13000000,2018-06-08,2018-12-09,D020
E000220,Bui Thuy Duc,1982-10-27,Nu,13000000,2017-04-17,2019-03-04,D020
E000221,Dang Dinh Minh,1999-11-04,Nam,13000000,2017-03-07,2021-09-23,D020
E000222,Nguyen Huu Thi,1997-05-16,Nam,13000000,2017-08-18,,D020
E000223,Hoang Ngoc Duc,1982-07-12,Nam,13000000,2022-12-02,2022-12-03,D020
E000224,Dang Hai Anh,1992-04-12,Nu,13000000,2020-09-08,2020-09-09,D020
E000225,Le Hoai Thi,1984-07-11,Nu,13000000,2016-03-14,,D020
E000226,Pham Ngoc Minh,1990-10-19,Nam,13000000,2018-10-09,2022-01-26,D020
E000227,Hoang Khoa Thi,1981-07-03,Nam,13000000,2020-02-19,2020-07-19,D020
E000228,Vu Thuy Duc,1979-09-13,Nu,13000000,2020-12-23,,D020
E000229,Tran Thu Quang,1989-10-21,Nam,13000000,2019-11-14,2020-10-12,D020
E000230,Pham Hoai Quang,1976-06-08,Nam,13000000,2016-04-11,,D020
E000231,Nguyen Ngoc Minh,1980-10-23,Nam,13000000,2019-07-10,2023-09-24,D020
E000232,Hoang Thu Van,1996-04-17,Nam,13000000,2021-06-12,2022-01-23,D020
E000233,Le Hai Anh,1990-09-15,Nu,18000000,2016-04-07,,D021
E000234,Pham Hoai Linh,1998-04-13,Nu,18000000,2022-06-08,2022-08-08,D021
E000235,Le Hai Anh,1987-03-19,Nu,18000000,2017-05-02,2018-03-28,D021
E000236,Hoang Khoa Minh,1975-11-14,Nam,18000000,2020-10-21,,D021
E000237,Le Dinh Anh,1976-03-20,Nam,18000000,2022-09-21,2023-10-14,D021
E000238,Nguyen Thuy Minh,1971-05-01,Nu,18000000,2021-09-22,,D021
E000239,Nguyen Thu Thi,1995-11-28,Nam,18000000,2017-07-20,2023-12-03,D021
E000240,Vu Thuy Minh,1992-12-05,Nam,18000000,2019-02-19,2022-04-01,D021
E000241,Le Dinh Van,1991-07-18,Nu,18000000,2015-10-10,,D021
E000242,Bui Hoai Quang,1999-12-14,Nam,18000000,2017-11-11,2019-05-10,D021
E000243,Le Ngoc Duc,1985-05-28,Nam,18000000,2022-01-03,2023-11-01,D021
E000244,Le Khoa Quang,1986-02-07,Nu,12000000,2019-08-07,,D022
E000245,Le Huu Anh,2000-06-23,Nu,8000000,2017-07-02,,D023
E000246,Pham Hai Thi,1976-04-18,Nu,8000000,2019-03-14,2023-03-22,D023
E000247,Tran Hoai Thanh,1975-08-12,Nam,8000000,2019-10-25,2020-08-06,D023
E000248,Pham Huu Thanh,1984-06-26,Nu,8000000,2017-01-05,,D023
E000249,Hoang Hoai Thanh,1977-01-20,Nu,8000000,2021-08-12,2021-08-13,D023
E000250,Dang Hai Minh,1975-03-25,Nam,8000000,2019-12-26,2023-01-21,D023
E000251,Dang Huu Thi,1979-09-08,Nam,8000000,2022-07-18,2022-07-19,D023
E000252,Le Thuy Minh,1975-04-16,Nam,8000000,2017-01-24,2017-04-23,D023
E000253,Bui Hai Duc,1991-02-09,Nu,8000000,2021-07-14,2023-09-28,D023
E000254,Tran Hoai Linh,1992-05-20,Nu,8000000,2018-09-20,,D023
E000255,Bui Huu Duc,1990-12-23,Nam,8000000,2015-08-20,,D023
E000256,Dang Khoa Quang,1992-08-28,Nam,8000000,2020-10-03,2022-05-07,D023
E000257,Bui Huu Duc,1989-05-17,Nam,8000000,2018-02-12,,D023
E000258,Pham Huu Anh,1993-08-19,Nam,8000000,2015-05-23,,D023
E000259,Hoang Hoai Thanh,1994-02-20,Nu,11000000,2022-12-04,2023-05-03,D024
E000260,Nguyen Hai Thi,1991-11-10,Nam,11000000,2017-12-13,2023-03-11,D024
E000261,Dang Huu Linh,2000-09-20,Nam,11000000,2018-01-16,,D024
E000262,Le Thuy Anh,1997-10-19,Nam,11000000,2022-01-23,2022-01-24,D024
E000263,Nguyen Huu Quang,2000-09-26,Nam,11000000,2017-12-18,2022-09-28,D024
E000264,Dang Ngoc Thi,1980-08-24,Nu,11000000,2016-08-11,2023-01-28,D024
E000265,Pham Huu Minh,1973-12-14,Nu,11000000,2022-12-15,2023-10-25,D024
E000266,Nguyen Hoai Thi,1990-09-03,Nu,11000000,2020-10-02,,D024
E000267,Tran Ngoc Linh,1988-08-04,Nam,11000000,2017-07-17,,D024
E000268,Tran Khoa Van,1970-03-03,Nam,11000000,2020-02-25,2022-10-13,D024
E000269,Dang Dinh Anh,1972-03-19,Nu,11000000,2016-06-04,,D024
E000270,Le Thu Quang,1977-10-02,Nam,11000000,2018-04-27,,D024
E000271,Nguyen Huu Anh,1983-09-09,Nu,11000000,2020-06-13,2022-12-15,D024
E000272,Nguyen Hai Quang,1975-10-18,Nam,11000000,2017-09-22,2021-10-05,D024
E000273,Hoang Thu Thi,1974-05-28,Nam,11000000,2018-01-19,,D024
E000274,Dang Thu Linh,1976-08-27,Nam,14000000,2021-07-21,2021-07-22,D025
E000275,Le Hai Van,1972-01-07,Nu,14000000,2019-05-04,2022-02-28,D025
E000276,Bui Huu Minh,1998-12-23,Nu,14000000,2019-06-26,,D025
E000277,Le Khoa Anh,1985-10-25,Nam,14000000,2016-01-02,2016-07-23,D025
E000278,Vu Ngoc Thi,1997-06-27,Nam,14000000,2019-06-20,,D025
E000279,Nguyen Khoa Minh,1971-08-01,Nam,14000000,2017-10-22,,D025
E000280,Le Thu Thi,1993-09-20,Nam,14000000,2020-11-21,2023-10-16,D025
E000281,Tran Hai Thanh,1999-01-07,Nu,14000000,2015-03-21,2021-08-20,D025
E000282,Hoang Ngoc Thanh,1981-05-21,Nu,14000000,2022-12-14,,D025
E000283,Nguyen Thu Linh,1986-09-04,Nam,14000000,2016-10-26,,D025
E000284,Hoang Thu Van,1985-03-21,Nu,14000000,2016-12-12,,D025
E000285,Nguyen Hai Thanh,1988-05-27,Nam,14000000,2015-03-26,,D025
E000286,Tran Huu Thanh,1998-04-23,Nu,14000000,2016-05-09,2021-02-05,D025
E000287,Nguyen Ngoc Minh,1993-08-14,Nu,17000000,2016-02-13,2020-01-07,D026
E000288,Le Ngoc Thanh,1983-06-04,Nam,17000000,2015-09-13,2019-08-19,D026
E000289,Pham Hai Linh,1988-05-20,Nu,17000000,2019-10-22,,D026
E000290,Vu Dinh Van,1989-02-08,Nu,17000000,2015-11-15,,D026
E000291,Hoang Huu Anh,1970-08-09,Nu,17000000,2019-02-14,,D026
E000292,Vu Huu Minh,1971-06-26,Nu,17000000,2020-11-05,,D026
E000293,Bui Thu Anh,1970-07-24,Nam,17000000,2018-06-28,2023-02-27,D026
E000294,Hoang Khoa Thi,1977-06-23,Nu,17000000,2018-12-10,,D026
E000295,Vu Hai Anh,1986-08-02,Nu,17000000,2021-04-15,2023-04-08,D026
E000296,Tran Huu Minh,1990-07-26,Nam,17000000,2022-04-04,,D026
E000297,Nguyen Hai Van,1982-02-10,Nu,17000000,2015-09-16,,D026
E000298,Pham Khoa Anh,1994-06-03,Nu,17000000,2017-04-24,2020-08-02,D026
E000299,Le Thu Minh,1990-12-19,Nam,17000000,2022-12-24,2023-05-18,D026
E000300,Le Hoai Quang,1990-09-07,Nu,17000000,2019-03-23,,D026
E000301,Tran Dinh Minh,1998-11-17,Nu,17000000,2021-01-16,,D026
E000302,Tran Thuy Anh,1990-10-12,Nam,17000000,2022-03-15,2022-07-03,D026
E000303,Bui Hoai Van,2000-01-03,Nu,17000000,2019-10-07,,D026
E000304,Vu Hoai Linh,1988-03-13,Nu,17000000,2015-09-21,,D026
E000305,Nguyen Thu Van,1999-11-18,Nu,17000000,2022-04-01,2023-01-26,D026
E000306,Tran Dinh Minh,1993-05-28,Nam,13000000,2020-03-20,,D027
E000307,Tran Hai Thanh,1996-02-09,Nam,13000000,2018-06-15,2022-02-05,D027
E000308,Dang Hoai Thi,2000-11-09,Nam,13000000,2018-09-07,,D027
E000309,Pham Thuy Van,1987-01-25,Nam,13000000,2019-05-24,2020-01-05,D027
E000310,Bui Thu Quang,1983-10-20,Nu,13000000,2015-09-08,2017-11-18,D027
E000311,Le Hoai Linh,1973-07-03,Nu,13000000,2020-07-18,,D027
E000312,Nguyen Hai Linh,1996-04-28,Nu,13000000,2019-02-25,2019-12-09,D027
E000313,Bui Ngoc Quang,1997-12-06,Nam,13000000,2016-10-06,,D027
E000314,Le Hoai Thanh,1981-12-17,Nu,13000000,2021-08-15,2022-02-15,D027
E000315,Bui Khoa Anh,1978-01-08,Nam,13000000,2020-04-04,2023-04-23,D027
E000316,Tran Dinh Anh,1982-11-08,Nam,13000000,2017-08-16,,D027
E000317,Dang Thuy Van,1992-12-22,Nu,13000000,2020-11-05,2022-03-02,D027
E000318,Dang Huu Anh,1990-12-13,Nam,13000000,2020-09-05,2023-03-24,D027
E000319,Vu Thuy Thanh,1986-03-24,Nu,13000000,2018-04-15,,D027
E000320,Le Dinh Thi,1998-07-06,Nam,13000000,2018-07-18,2022-05-09,D027
E000321,Dang Khoa Van,1979-08-23,Nam,18000000,2018-04-09,,D028
E000322,Tran Dinh Thanh,1979-09-10,Nu,18000000,2017-06-06,2017-06-07,D028
E000323,Le Hoai Thi,1972-03-11,Nu,18000000,2021-10-04,2023-01-21,D028
E000324,Nguyen Hai Duc,1982-02-24,Nam,18000000,2018-07-27,,D028
E000325,Nguyen Dinh Minh,1987-12-12,Nu,18000000,2020-06-20,,D028
E000326,Pham Ngoc Quang,1982-01-23,Nam,18000000,2021-11-24,2021-11-25,D028
E000327,Tran Hai Thi,1999-04-15,Nam,18000000,2015-01-10,2020-07-25,D028
E000328,Bui Hoai Minh,1986-11-08,Nam,18000000,2015-05-07,,D028
E000329,Bui Hai Minh,1982-06-11,Nu,18000000,2015-10-10,,D028
E000330,Hoang Hoai Minh,1994-07-26,Nu,18000000,2017-02-26,,D028
E000331,Nguyen Ngoc Quang,1984-04-03,Nam,18000000,2017-07-05,,D028
E000332,Pham Huu Linh,1972-07-01,Nam,18000000,2020-04-05,2020-11-11,D028
E000333,Vu Khoa Thanh,1972-06-14,Nu,18000000,2018-08-27,2021-08-16,D028
E000334,Tran Thuy Minh,1995-02-13,Nam,18000000,2021-08-10,2023-03-09,D028
E000335,Bui Thuy Quang,1995-08-22,Nu,12000000,2021-01-09,,D029
E000336,Hoang Khoa Linh,1989-01-28,Nu,8000000,2022-08-03,,D030
E000337,Le Ngoc Duc,1976-03-04,Nam,8000000,2015-11-17,2018-10-12,D030
E000338,Pham Thuy Thanh,1970-09-04,Nam,8000000,2017-03-04,2019-01-06,D030
E000339,Hoang Dinh Thanh,1997-12-19,Nu,8000000,2016-08-27,,D030
E000340,Le Hoai Anh,1975-02-23,Nam,8000000,2022-07-26,,D030
E000341,Nguyen Hai Thi,1979-04-05,Nam,8000000,2020-07-08,,D030
E000342,Vu Hai Linh,1996-10-15,Nam,8000000,2018-10-07,,D030
E000343,Nguyen Dinh Thi,1991-09-24,Nam,8000000,2018-10-13,,D030
E000344,Dang Thuy Linh,1983-11-05,Nam,8000000,2018-11-16,,D030
E000345,Nguyen Ngoc Quang,1996-05-10,Nu,8000000,2017-01-19,,D030
E000346,Dang Huu Thanh,1998-09-28,Nam,8000000,2015-01-26,,D030
E000347,Le Khoa Van,2000-11-26,Nam,8000000,2019-10-28,2020-08-28,D030
E000348,Hoang Thu Thi,1987-12-12,Nam,8000000,2019-06-14,,D030
E000349,Le Thu Thanh,1978-07-24,Nam,8000000,2020-05-08,2021-08-08,D030
E000350,Le Hoai Thanh,1983-01-20,Nam,11000000,2022-08-18,2023-04-11,D031
E000351,Bui Huu Van,1996-05-11,Nam,11000000,2021-01-26,2022-01-26,D031
E000352,Bui Thu Thi,1985-02-01,Nu,11000000,2022-08-07,,D031
E000353,Nguyen Khoa Anh,1991-12-07,Nam,11000000,2016-03-22,2021-11-10,D031
E000354,Tran Huu Quang,1991-12-02,Nam,11000000,2018-02-21,,D031
E000355,Hoang Thu Thi,1997-05-16,Nam,11000000,2018-03-05,,D031
E000356,Vu Ngoc Minh,1988-12-13,Nu,11000000,2021-09-05,2022-10-17,D031
E000357,Bui Thu Linh,1999-04-17,Nam,11000000,2020-01-28,,D031
E000358,Nguyen Ngoc Van,1994-03-05,Nu,11000000,2016-05-15,,D031
E000359,Hoang Ngoc Linh,1973-08-01,Nu,11000000,2022-08-04,2022-09-23,D031
E000360,Tran Khoa Minh,1978-12-22,Nam,11000000,2020-10-03,2023-06-17,D031
E000361,Vu Hoai Quang,1970-02-12,Nam,11000000,2019-10-06,2022-02-12,D031
E000362,Hoang Huu Duc,1999-11-10,Nam,11000000,2015-07-02,2021-06-14,D031
E000363,Dang Hoai Minh,1988-07-21,Nam,11000000,2019-09-28,2022-01-06,D031
E000364,Vu Thuy Thi,1976-05-20,Nam,11000000,2020-05-14,2021-05-06,D031
E000365,Bui Thu Duc,1990-03-11,Nam,11000000,2019-02-27,2023-11-18,D031
E000366,Vu Thuy Quang,1970-12-08,Nu,14000000,2015-08-27,2020-08-07,D032
E000367,Dang Hoai Van,1987-08-12,Nam,14000000,2020-06-02,2022-12-24,D032
E000368,Nguyen Huu Duc,1990-09-13,Nam,14000000,2020-09-20,2023-09-18,D032
E000369,Dang Dinh Thi,1980-03-02,Nu,14000000,2015-03-23,2022-11-05,D032
E000370,Vu Khoa Thi,1972-12-19,Nam,14000000,2016-04-15,2017-02-23,D032
E000371,Hoang Hoai Quang,1974-11-12,Nu,14000000,2020-05-02,2023-02-22,D032
E000372,Vu Huu Quang,1982-08-09,Nam,14000000,2022-02-04,2022-10-20,D032
E000373,Tran Khoa Van,2000-02-19,Nam,14000000,2021-11-27,2022-06-23,D032
E000374,Tran Hoai Linh,1971-10-21,Nam,14000000,2015-06-04,,D032
E000375,Bui Thu Minh,1991-04-01,Nu,14000000,2015-07-14,2018-10-20,D032
E000376,Le Thu Anh,1988-12-11,Nam,14000000,2020-10-15,2021-06-10,D032
E000377,Dang Huu Linh,1999-08-22,Nu,14000000,2016-01-12,,D032
E000378,Hoang Hoai Anh,1989-11-13,Nam,14000000,2017-10-17,2020-06-06,D032
E000379,Tran Khoa Anh,1974-03-23,Nu,14000000,2019-10-04,,D032
E000380,Hoang Thu Thi,1991-06-22,Nu,14000000,2018-07-08,2021-10-14,D032
E000381,Vu Hoai Linh,1983-08-04,Nam,14000000,2021-04-23,,D032
E000382,Pham Thuy Linh,1982-05-14,Nam,14000000,2017-01-01,,D032
E000383,Tran Hai Van,1972-12-03,Nam,14000000,2021-01-21,2023-04-06,D032
E000384,Nguyen Hai Thanh,1979-05-12,Nu,14000000,2021-06-10,,D032
E000385,Bui Khoa Quang,1988-09-13,Nu,14000000,2015-09-03,2018-12-17,D032
E000386,Hoang Dinh Minh,1970-03-01,Nam,17000000,2019-05-17,,D033
E000387,Pham Huu Thanh,1997-02-01,Nam,17000000,2015-07-20,,D033
E000388,Tran Thu Minh,1991-09-05,Nam,17000000,2019-07-15,2019-08-10,D033
E000389,Pham Ngoc Van,1983-10-19,Nam,17000000,2016-12-04,2016-12-05,D033
E000390,Vu Dinh Van,1993-09-21,Nu,17000000,2016-03-19,2016-04-07,D033
E000391,Bui Huu Minh,1970-09-04,Nam,17000000,2019-05-22,2019-08-01,D033
E000392,Pham Hoai Thanh,2000-02-17,Nam,17000000,2016-10-13,,D033
E000393,Vu Khoa Linh,1984-12-16,Nu,17000000,2016-01-16,,D033
E000394,Vu Huu Thanh,1986-01-19,Nu,17000000,2015-08-12,,D033
E000395,Dang Thuy Van,1970-09-17,Nu,17000000,2017-06-21,,D033
E000396,Hoang Hoai Van,1992-02-08,Nam,17000000,2018-03-18,,D033
E000397,Le Dinh Thi,1988-01-16,Nam,17000000,2020-02-14,,D033
E000398,Le Hoai Minh,1986-07-14,Nam,17000000,2016-05-26,2019-07-20,D033
E000399,Dang Huu Duc,1994-06-21,Nam,17000000,2016-09-22,,D033
E000400,Bui Thu Linh,1986-02-04,Nam,17000000,2022-08-28,,D033
E000401,Vu Thuy Thanh,1994-11-05,Nu,17000000,2021-12-12,2021-12-13,D033
E000402,Le Hai Van,1975-04-17,Nu,17000000,2019-06-21,2023-11-16,D033
E000403,Hoang Khoa Quang,1995-02-06,Nu,17000000,2020-11-28,2023-02-20,D033
E000404,Vu Khoa Van,1998-09-04,Nu,17000000,2018-08-11,2019-09-11,D033
E000405,Tran Thuy Linh,1986-09-12,Nam,13000000,2017-10-27,,D034
E000406,Tran Khoa Linh,1985-07-06,Nu,13000000,2018-09-08,2018-09-09,D034
E000407,Le Ngoc Minh,1985-09-14,Nam,13000000,2019-10-20,2020-11-15,D034
E000408,Pham Huu Anh,1993-04-21,Nam,13000000,2021-09-12,2022-08-25,D034
E000409,Dang Dinh Thanh,1979-03-08,Nam,13000000,2017-11-25,2019-04-24,D034
E000410,Dang Hai Thi,1988-06-08,Nam,13000000,2018-11-11,,D034
E000411,Vu Huu Duc,1993-11-05,Nu,13000000,2017-12-28,,D034
E000412,Hoang Ngoc Thi,1977-09-21,Nu,13000000,2017-05-17,,D034
E000413,Le Dinh Quang,1992-02-13,Nu,13000000,2016-08-14,2019-03-03,D034
E000414,Pham Khoa Quang,1989-10-18,Nu,13000000,2019-06-22,,D034
E000415,Le Dinh Duc,1992-11-01,Nam,13000000,2019-12-07,2021-04-18,D034
E000416,Vu Khoa Minh,1973-05-15,Nam,13000000,2019-12-28,2021-05-02,D034
E000417,Dang Thu Minh,1993-04-14,Nam,13000000,2017-06-20,2023-04-25,D034
E000418,Vu Ngoc Thi,1999-08-17,Nam,13000000,2017-11-27,,D034
E000419,Bui Huu Duc,1991-08-01,Nu,13000000,2015-10-06,2021-06-15,D034
E000420,Tran Khoa Minh,1992-10-15,Nu,13000000,2022-09-06,2022-11-27,D034
E000421,Nguyen Hoai Duc,1999-03-19,Nu,13000000,2019-06-28,2021-04-22,D034
E000422,Tran Hoai Anh,2000-05-05,Nu,13000000,2020-10-08,,D034
E000423,Nguyen Huu Minh,1995-08-21,Nam,13000000,2022-03-01,2023-09-11,D034
E000424,Tran Hoai Quang,1981-07-22,Nu,18000000,2017-07-05,,D035
E000425,Vu Dinh Duc,1993-10-27,Nu,18000000,2016-01-25,,D035
E000426,Nguyen Huu Thi,1988-06-05,Nu,18000000,2022-06-17,,D035
E000427,Le Huu Duc,1974-06-25,Nu,18000000,2022-08-16,2022-08-17,D035
E000428,Bui Thu Van,1975-10-22,Nam,18000000,2021-08-27,,D035
E000429,Vu Ngoc Duc,1999-10-18,Nam,18000000,2021-01-25,,D035
E000430,Bui Huu Minh,1980-11-16,Nam,18000000,2015-11-20,,D035
E000431,Dang Dinh Quang,1993-09-06,Nam,18000000,2017-05-22,,D035
E000432,Le Thu Van,1986-06-01,Nu,18000000,2021-02-23,2022-05-13,D035
E000433,Bui Khoa Anh,1982-12-01,Nu,18000000,2021-08-08,,D035
E000434,Le Hoai Duc,2000-08-08,Nu,18000000,2021-09-05,,D035
E000435,Dang Dinh Duc,1994-12-27,Nam,12000000,2019-10-02,,D036
E000436,Tran Thu Anh,1978-01-24,Nu,8000000,2016-05-02,,D037
E000437,Bui Dinh Quang,1975-04-24,Nam,8000000,2016-12-20,,D037
E000438,Vu Hai Quang,1978-02-21,Nam,8000000,2019-12-05,,D037
E000439,Vu Ngoc Minh,1998-09-04,Nu,8000000,2021-11-05,,D037
E000440,Nguyen Thu Van,1970-07-14,Nu,8000000,2021-07-13,2022-12-24,D037
E000441,Le Huu Duc,1970-12-13,Nu,8000000,2018-09-03,2022-12-02,D037
E000442,Vu Khoa Van,1973-01-17,Nam,8000000,2018-08-09,,D037
E000443,Nguyen Thuy Quang,1991-12-01,Nu,8000000,2021-11-12,,D037
E000444,Vu Thu Quang,1987-04-12,Nu,8000000,2022-11-23,,D037
E000445,Hoang Hoai Quang,1982-07-12,Nu,8000000,2020-08-03,2023-11-24,D037
E000446,Tran Huu Minh,1999-06-17,Nu,8000000,2015-07-01,,D037
E000447,Tran Khoa Thanh,2000-05-12,Nam,8000000,2016-05-05,2023-03-04,D037
E000448,Dang Ngoc Thanh,1982-04-11,Nam,8000000,2020-08-08,,D037
E000449,Vu Thuy Van,1991-01-09,Nu,8000000,2017-08-14,2017-10-10,D037
E000450,Pham Khoa Van,1980-10-26,Nu,8000000,2021-06-18,2023-09-19,D037
E000451,Vu Thu Van,2000-09-01,Nu,8000000,2022-07-05,,D037
E000452,Nguyen Huu Van,1990-05-05,Nam,8000000,2016-03-18,2018-10-24,D037
E000453,Vu Huu Linh,1979-06-06,Nu,8000000,2020-03-10,,D037
E000454,Vu Hoai Thi,1976-03-07,Nu,11000000,2019-02-28,,D038
E000455,Tran Thuy Minh,1992-11-04,Nu,11000000,2018-03-09,,D038
E000456,Bui Thuy Duc,1998-09-21,Nam,11000000,2019-02-15,,D038
E000457,Tran Thu Van,1999-12-18,Nam,11000000,2015-03-07,,D038
E000458,Vu Hai Thanh,1972-02-22,Nu,11000000,2021-01-04,,D038
E000459,Hoang Hoai Linh,1993-03-03,Nu,11000000,2017-06-22,,D038
E000460,Hoang Thuy Linh,1994-11-12,Nu,11000000,2016-10-24,,D038
E000461,Tran Thu Minh,1975-11-05,Nam,11000000,2021-09-03,2023-11-18,D038
E000462,Le Khoa Quang,1978-07-20,Nu,11000000,2019-03-15,,D038
E000463,Bui Dinh Linh,1971-06-20,Nam,11000000,2017-08-21,,D038
E000464,Le Dinh Thi,1983-03-04,Nu,11000000,2021-11-28,,D038
E000465,Nguyen Dinh Thi,1988-05-16,Nu,11000000,2020-05-02,2021-02-07,D038
E000466,Nguyen Huu Duc,1993-12-05,Nam,14000000,2022-12-20,,D039
E000467,Le Thu Anh,1998-06-06,Nu,14000000,2017-04-27,2022-02-14,D039
E000468,Dang Huu Van,1990-07-07,Nam,14000000,2019-10-24,2020-08-10,D039
E000469,Pham Hai Quang,1980-05-21,Nu,14000000,2022-03-24,,D039
E000470,Dang Thu Thanh,1997-01-12,Nam,14000000,2017-03-28,,D039
E000471,Nguyen Hai Quang,1974-01-06,Nam,14000000,2020-04-07,2021-03-09,D039
E000472,Vu Khoa Duc,1982-06-20,Nu,14000000,2015-06-04,2021-01-28,D039
E000473,Nguyen Hai Anh,1999-12-06,Nu,14000000,2016-03-02,2019-02-04,D039
E000474,Hoang Thu Thi,1984-03-12,Nam,14000000,2022-10-13,2022-11-27,D039
E000475,Tran Huu Thi,1975-05-18,Nam,14000000,2017-07-16,,D039
E000476,Nguyen Dinh Linh,2000-05-11,Nu,14000000,2019-02-03,,D039
E000477,Dang Thuy Van,1999-03-03,Nam,14000000,2022-11-11,,D039
E000478,Nguyen Dinh Van,1973-05-27,Nu,14000000,2015-04-02,,D039
E000479,Bui Dinh Duc,1970-12-24,Nu,14000000,2016-10-17,2017-10-26,D039
E000480,Dang Thuy Van,1984-04-08,Nam,14000000,2020-02-04,2023-06-28,D039
E000481,Bui Huu Minh,1984-08-08,Nam,14000000,2018-03-08,2022-09-18,D039
E000482,Bui Khoa Anh,2000-02-12,Nu,14000000,2022-03-06,2022-05-26,D039
E000483,Pham Hai Anh,1972-09-09,Nam,17000000,2021-02-17,2023-01-16,D040
E000484,Tran Huu Thi,1976-09-05,Nam,17000000,2016-04-23,,D040
E000485,Vu Hoai Anh,1990-07-19,Nam,17000000,2016-08-08,2016-08-09,D040
E000486,Vu Hai Van,1971-12-03,Nu,17000000,2022-01-01,2022-06-12,D040
E000487,Pham Hoai Thanh,1976-07-03,Nu,17000000,2018-07-25,,D040
E000488,Tran Huu Minh,1992-01-11,Nu,17000000,2020-01-18,2023-10-15,D040
E000489,Bui Hai Anh,1988-10-07,Nu,17000000,2018-02-20,2018-07-03,D040
E000490,Pham Hai Thi,1998-05-04,Nu,17000000,2018-09-03,,D040
E000491,Nguyen Huu Van,1994-08-17,Nam,17000000,2022-08-25,,D040
E000492,Nguyen Thu Quang,1981-12-15,Nam,17000000,2019-03-05,2019-09-19,D040
E000493,Dang Thu Anh,1983-04-22,Nam,17000000,2015-07-24,2018-01-10,D040
E000494,Bui Dinh Thanh,1993-11-08,Nam,17000000,2020-02-14,,D040
E000495,Le Ngoc Thanh,1976-02-13,Nu,17000000,2016-02-10,,D040
E000496,Tran Thuy Van,1990-11-20,Nam,17000000,2019-11-01,,D040
E000497,Nguyen Khoa Linh,1986-03-25,Nu,17000000,2016-04-11,,D040
E000498,Hoang Khoa Duc,1985-07-05,Nam,17000000,2020-08-28,2021-12-11,D040
E000499,Nguyen Khoa Duc,1977-12-22,Nam,17000000,2021-11-15,,D040
E000500,Tran Dinh Quang,1979-03-02,Nam,13000000,2022-08-07,,D041
E000501,Pham Hoai Thanh,1989-02-26,Nu,13000000,2020-10-02,,D041
E000502,Hoang Huu Quang,1975-07-15,Nam,13000000,2018-01-22,2022-03-19,D041
E000503,Tran Hoai Thi,1979-08-19,Nu,13000000,2020-07-06,2022-08-08,D041
E000504,Tran Khoa Thanh,1997-11-18,Nu,13000000,2017-04-12,,D041
E000505,Vu Khoa Anh,1978-03-14,Nam,13000000,2018-09-26,,D041
E000506,Bui Ngoc Van,1986-03-21,Nam,13000000,2022-12-25,2022-12-26,D041
E000507,Pham Thuy Linh,1998-10-03,Nu,13000000,2020-08-17,2023-01-28,D041
E000508,Le Huu Thanh,1994-08-02,Nam,13000000,2018-01-08,2022-06-06,D041
E000509,Bui Dinh Thi,1994-06-06,Nu,13000000,2016-05-20,,D041
E000510,Tran Huu Van,1978-07-11,Nam,18000000,2021-11-06,2022-05-15,D042
E000511,Bui Thuy Van,1989-05-24,Nam,18000000,2018-09-06,2020-11-01,D042
E000512,Vu Huu Minh,1989-09-04,Nu,18000000,2022-10-20,,D042
E000513,Dang Khoa Thi,1991-05-13,Nam,18000000,2019-01-28,,D042
E000514,Le Huu Anh,1978-04-11,Nam,18000000,2015-08-16,2017-12-21,D042
E000515,Bui Huu Thi,2000-03-11,Nu,18000000,2020-06-20,2021-04-26,D042
E000516,Nguyen Thu Duc,1981-03-27,Nam,18000000,2020-07-14,,D042
E000517,Bui Thuy Thi,1988-06-25,Nam,18000000,2017-01-20,2019-11-16,D042
E000518,Nguyen Ngoc Linh,1978-08-01,Nu,18000000,2020-12-03,2021-07-15,D042
E000519,Dang Ngoc Anh,1976-05-15,Nu,18000000,2019-07-25,,D042
E000520,Vu Ngoc Linh,2000-07-21,Nam,18000000,2019-04-24,,D042
E000521,Pham Huu Thanh,1994-07-04,Nu,18000000,2015-04-14,2021-03-05,D042
E000522,Hoang Ngoc Thi,1991-08-18,Nu,18000000,2020-01-09,,D042
E000523,Pham Hai Minh,1973-08-06,Nu,18000000,2017-04-25,2020-07-08,D042
E000524,Vu Hoai Van,1975-10-08,Nu,12000000,2018-09-28,,D043
E000525,Vu Hoai Quang,1992-02-08,Nam,8000000,2019-09-28,2021-02-17,D044
E000526,Pham Ngoc Thi,1997-08-26,Nam,8000000,2022-06-23,,D044
E000527,Le Huu Linh,1989-12-27,Nu,8000000,2018-03-17,,D044
E000528,Tran Hai Thanh,1998-02-15,Nu,8000000,2016-11-05,,D044
E000529,Tran Thu Minh,1999-03-14,Nam,8000000,2019-11-23,,D044
E000530,Nguyen Ngoc Quang,1982-02-11,Nam,8000000,2021-01-09,2023-05-21,D044
E000531,Nguyen Khoa Quang,1973-06-01,Nam,8000000,2016-08-23,,D044
E000532,Dang Huu Anh,1996-09-18,Nam,8000000,2015-07-17,2018-07-02,D044
E000533,Tran Hai Duc,1987-07-08,Nam,8000000,2017-09-03,,D044
E000534,Vu Hai Thanh,1977-12-26,Nam,8000000,2022-08-12,2023-04-06,D044
E000535,Dang Hai Minh,1984-04-03,Nam,8000000,2016-05-19,,D044
E000536,Bui Ngoc Duc,1973-07-26,Nu,8000000,2020-12-28,2021-07-12,D044
E000537,Hoang Hai Anh,1972-03-08,Nu,8000000,2015-06-02,,D044
E000538,Pham Ngoc Linh,1974-02-23,Nam,8000000,2017-02-04,2019-01-07,D044
E000539,Tran Thuy Thanh,1983-04-27,Nu,8000000,2021-09-26,2023-01-26,D044
E000540,Dang Huu Thi,1995-11-11,Nu,8000000,2021-06-16,2022-04-22,D044
E000541,Vu Hoai Thi,1970-02-11,Nu,8000000,2020-03-12,2022-12-21,D044
E000542,Bui Hai Thi,1984-10-10,Nu,8000000,2020-02-05,2022-03-25,D044
E000543,Vu Hoai Thi,1982-10-16,Nu,11000000,2017-11-20,2018-06-18,D045
E000544,Vu Dinh Quang,1999-08-22,Nam,11000000,2019-12-04,2021-06-28,D045
E000545,Pham Thuy Quang,1998-08-07,Nu,11000000,2022-03-12,2022-04-21,D045
E000546,Pham Khoa Duc,1998-08-01,Nam,11000000,2019-10-13,2023-04-18,D045
E000547,Bui Ngoc Van,1998-04-01,Nam,11000000,2015-07-21,,D045
E000548,Nguyen Huu Thanh,1978-09-25,Nu,11000000,2016-01-26,,D045
E000549,Le Khoa Van,1988-06-09,Nam,11000000,2018-09-03,,D045
E000550,Tran Khoa Thanh,1970-08-17,Nam,11000000,2018-11-18,2021-08-27,D045
E000551,Hoang Khoa Duc,1974-02-12,Nam,11000000,2018-12-12,,D045
E000552,Hoang Dinh Thanh,1976-02-20,Nu,11000000,2018-02-09,2019-01-27,D045
E000553,Dang Thu Thi,1970-06-08,Nam,11000000,2021-08-24,,D045
E000554,Pham Huu Thanh,1984-02-20,Nu,14000000,2020-06-01,2020-07-23,D046
E000555,Hoang Dinh Quang,1975-12-11,Nu,14000000,2020-12-12,2023-10-23,D046
E000556,Tran Thu Linh,1978-06-25,Nam,14000000,2017-05-13,2021-09-02,D046
E000557,Pham Huu Duc,1998-09-06,Nam,14000000,2021-09-16,2021-09-17,D046
E000558,Nguyen Ngoc Thanh,1993-09-03,Nam,14000000,2019-04-06,,D046
E000559,Le Hoai Anh,1986-03-05,Nam,14000000,2018-01-04,,D046
E000560,Pham Thu Duc,1984-03-05,Nam,14000000,2016-09-07,,D046
E000561,Nguyen Thu Duc,1972-03-23,Nu,14000000,2019-03-19,,D046
E000562,Dang Ngoc Minh,1985-03-23,Nam,14000000,2017-05-07,,D046
E000563,Tran Ngoc Duc,1979-07-25,Nu,14000000,2015-11-10,,D046
E000564,Tran Thu Minh,1978-07-26,Nam,14000000,2020-08-26,2022-04-18,D046
E000565,Bui Huu Van,1988-08-07,Nu,14000000,2018-02-18,,D046
E000566,Hoang Khoa Anh,1983-01-16,Nam,14000000,2019-09-17,,D046
E000567,Nguyen Ngoc Thi,1995-04-26,Nu,14000000,2015-01-03,2018-12-14,D046
E000568,Hoang Dinh Thanh,1971-08-17,Nu,14000000,2018-07-08,2019-07-10,D046
E000569,Tran Khoa Van,1984-09-09,Nam,17000000,2020-09-28,2022-10-13,D047
E000570,Dang Huu Anh,1971-01-07,Nu,17000000,2015-11-05,2021-04-07,D047
E000571,Hoang Huu Thanh,1973-11-10,Nam,17000000,2022-07-11,2022-07-12,D047
E000572,Dang Huu Duc,1997-08-12,Nu,17000000,2016-04-13,2022-06-06,D047
E000573,Tran Dinh Thanh,1983-02-14,Nam,17000000,2020-10-10,2021-11-06,D047
E000574,Hoang Khoa Van,1990-12-18,Nu,17000000,2018-07-28,2021-10-08,D047
E000575,Vu Thu Linh,1989-10-10,Nu,17000000,2016-01-18,2018-05-10,D047
E000576,Tran Huu Thi,1996-01-23,Nam,17000000,2016-09-18,2016-09-19,D047
E000577,Hoang Thuy Duc,1994-10-08,Nam,17000000,2022-03-15,2022-03-16,D047
E000578,Tran Hai Duc,1989-05-26,Nu,17000000,2021-07-03,,D047
E000579,Tran Huu Linh,1982-08-13,Nu,17000000,2016-03-26,2017-05-09,D047
E000580,Dang Khoa Minh,1986-05-24,Nu,13000000,2019-03-09,,D048
E000581,Hoang Huu Thi,1989-07-10,Nu,13000000,2018-09-09,,D048
E000582,Dang Dinh Minh,1997-12-08,Nu,13000000,2020-07-03,,D048
E000583,Pham Hoai Thi,1994-07-22,Nam,13000000,2016-10-12,,D048
E000584,Dang Thu Linh,1973-03-27,Nam,13000000,2021-07-12,,D048
E000585,Pham Hai Anh,1978-06-08,Nam,13000000,2021-12-05,,D048
E000586,Bui Khoa Thi,2000-07-22,Nam,13000000,2019-12-26,2022-09-26,D048
E000587,Tran Hoai Van,1993-06-17,Nu,13000000,2022-04-08,2022-05-10,D048
E000588,Nguyen Ngoc Anh,1971-11-24,Nam,13000000,2016-12-24,,D048
E000589,Nguyen Dinh Anh,1978-12-16,Nam,13000000,2021-07-22,,D048
E000590,Nguyen Thuy Thi,2000-02-10,Nu,13000000,2015-09-02,,D048
E000591,Le Hoai Anh,1972-02-17,Nam,13000000,2017-10-22,2019-11-07,D048
E000592,Vu Khoa Thanh,2000-09-27,Nam,13000000,2022-09-06,2023-06-12,D048
E000593,Tran Dinh Anh,1997-10-23,Nam,13000000,2015-11-28,2016-08-06,D048
E000594,Tran Hai Van,1992-10-08,Nu,13000000,2021-11-25,,D048
E000595,Dang Hai Van,1992-01-02,Nam,13000000,2018-01-14,2018-06-26,D048
E000596,Le Hai Thanh,1997-08-25,Nam,13000000,2016-09-04,2021-02-20,D048
E000597,Pham Ngoc Duc,1995-12-17,Nu,13000000,2015-09-22,2018-12-27,D048
E000598,Vu Hoai Van,1998-04-21,Nu,13000000,2017-04-01,2017-09-22,D048
E000599,Pham Hai Linh,1990-07-04,Nam,13000000,2017-07-18,,D048
E000600,Hoang Dinh Thi,1981-05-13,Nu,18000000,2019-05-19,2020-12-15,D049
E000601,Nguyen Hoai Quang,1997-07-26,Nam,18000000,2017-05-25,2022-06-03,D049
E000602,Le Huu Minh,1990-03-27,Nu,18000000,2015-07-01,,D049
E000603,Vu Hai Anh,1985-01-19,Nu,18000000,2021-09-21,2022-04-22,D049
E000604,Dang Khoa Duc,1990-05-24,Nam,18000000,2015-04-11,,D049
E000605,Nguyen Dinh Thanh,1997-01-17,Nu,18000000,2017-03-03,,D049
E000606,Pham Khoa Van,1999-03-04,Nam,18000000,2018-07-19,,D049
E000607,Vu Hoai Van,1976-07-12,Nu,18000000,2019-11-01,,D049
E000608,Le Dinh Anh,1991-05-26,Nam,18000000,2020-07-06,2022-04-14,D049
E000609,Hoang Ngoc Anh,1998-08-11,Nam,18000000,2019-04-02,,D049
E000610,Pham Huu Thanh,1972-06-25,Nam,18000000,2020-03-13,,D049
E000611,Dang Hai Quang,1989-06-25,Nam,18000000,2018-07-22,2022-01-08,D049
E000612,Hoang Hoai Linh,1972-09-18,Nam,18000000,2022-09-09,2023-01-01,D049
E000613,Bui Hoai Anh,1987-07-04,Nu,18000000,2016-07-14,,D049
E000614,Hoang Ngoc Linh,1982-09-03,Nam,18000000,2018-07-13,,D049
E000615,Dang Hai Thi,1981-11-04,Nam,18000000,2022-03-07,,D049
E000616,Hoang Dinh Quang,1976-12-16,Nu,12000000,2017-03-13,,D050
E000617,Dang Ngoc Thi,1997-09-28,Nam,8000000,2022-04-19,,D051
E000618,Pham Ngoc Thi,1982-07-27,Nam,8000000,2020-02-14,,D051
E000619,Dang Hai Van,1990-05-01,Nam,8000000,2019-05-24,,D051
E000620,Pham Hoai Minh,1989-02-15,Nam,8000000,2017-04-26,2022-07-15,D051
E000621,Dang Ngoc Duc,1984-06-20,Nam,8000000,2018-05-25,,D051
E000622,Bui Huu Anh,1976-06-25,Nam,8000000,2018-11-26,2018-11-27,D051
E000623,Hoang Thuy Linh,1990-06-16,Nam,8000000,2021-04-02,2023-03-25,D051
E000624,Pham Thu Minh,1985-03-28,Nu,8000000,2019-07-06,,D051
E000625,Hoang Thuy Thi,1990-08-02,Nu,8000000,2016-08-18,2022-05-04,D051
E000626,Hoang Thu Minh,1976-02-19,Nu,8000000,2017-05-20,,D051
E000627,Nguyen Hoai Minh,1983-02-07,Nu,8000000,2022-08-09,2022-08-10,D051
E000628,Bui Thu Quang,1970-01-12,Nam,8000000,2019-03-20,,D051
E000629,Pham Ngoc Anh,1970-12-04,Nam,8000000,2016-06-18,,D051
E000630,Tran Ngoc Thanh,1987-05-23,Nam,8000000,2021-11-01,,D051
E000631,Vu Thu Duc,1986-12-12,Nu,8000000,2015-03-21,,D051
E000632,Le Ngoc Duc,1998-10-01,Nu,8000000,2016-10-19,,D051
E000633,Le Khoa Quang,1992-10-15,Nam,8000000,2018-09-08,,D051
E000634,Tran Hai Anh,1975-10-25,Nu,8000000,2020-03-27,,D051
E000635,Pham Thuy Linh,1992-10-17,Nu,11000000,2017-08-24,2022-09-14,D052
E000636,Vu Dinh Thanh,1990-09-16,Nam,11000000,2022-06-05,,D052
E000637,Hoang Thu Quang,1992-05-21,Nu,11000000,2019-10-14,,D052
E000638,Tran Thuy Thi,1990-12-04,Nu,11000000,2019-08-28,,D052
E000639,Bui Ngoc Anh,1984-06-20,Nu,11000000,2015-08-21,2020-06-23,D052
E000640,Le Dinh Thi,1972-07-14,Nu,11000000,2021-06-09,2021-06-10,D052
E000641,Dang Dinh Van,1998-01-12,Nam,11000000,2016-08-05,,D052
E000642,Nguyen Ngoc Linh,1981-09-24,Nu,11000000,2017-02-06,,D052
E000643,Bui Huu Van,1991-11-13,Nam,11000000,2020-12-27,,D052
E000644,Bui Thu Anh,1996-09-10,Nam,11000000,2019-04-09,,D052
E000645,Le Thu Van,1992-07-12,Nam,11000000,2015-01-25,2021-01-28,D052
E000646,Pham Hai Anh,1992-06-10,Nam,11000000,2019-08-19,,D052
E000647,Pham Hai Van,1972-05-12,Nu,11000000,2019-08-20,,D052
E000648,Dang Khoa Duc,1998-04-01,Nam,11000000,2020-03-08,,D052
E000649,Bui Thu Van,1979-01-01,Nam,11000000,2018-09-15,2021-07-02,D052
E000650,Bui Thuy Thanh,1993-03-02,Nu,11000000,2016-03-12,2016-05-14,D052
E000651,Bui Hai Van,1996-02-16,Nu,11000000,2019-11-09,,D052
E000652,Tran Hoai Van,1987-04-14,Nam,11000000,2018-06-04,2018-10-22,D052
E000653,Hoang Thu Quang,1972-01-20,Nu,11000000,2016-10-19,,D052
E000654,Vu Thu Anh,1972-01-21,Nu,11000000,2016-12-05,2017-01-19,D052
E000655,Nguyen Huu Minh,1980-07-19,Nu,14000000,2019-04-11,2023-05-13,D053
E000656,Le Khoa Duc,1994-07-08,Nam,14000000,2022-06-09,2022-12-25,D053
E000657,Vu Thu Anh,1992-05-16,Nu,14000000,2022-10-16,,D053
E000658,Tran Khoa Anh,1991-04-17,Nu,14000000,2021-10-21,2023-12-02,D053
E000659,Pham Thuy Duc,1996-10-18,Nu,14000000,2018-10-05,2018-11-25,D053
E000660,Vu Ngoc Quang,1989-02-19,Nu,14000000,2022-04-24,2023-09-06,D053
E000661,Dang Thuy Duc,1974-07-22,Nam,14000000,2015-07-04,,D053
E000662,Hoang Huu Thanh,1982-05-01,Nu,14000000,2015-06-14,2016-04-24,D053
E000663,Dang Thuy Anh,1973-11-07,Nu,14000000,2020-08-09,,D053
E000664,Nguyen Hai Linh,1984-07-10,Nu,14000000,2018-07-20,,D053
E000665,Bui Ngoc Minh,1983-10-02,Nu,14000000,2017-05-15,2019-03-11,D053
E000666,Bui Dinh Minh,1985-11-10,Nu,14000000,2016-02-05,,D053
E000667,Hoang Huu Minh,1981-07-27,Nu,14000000,2020-08-19,,D053
E000668,Tran Hai Minh,1981-02-10,Nam,14000000,2020-06-26,2022-12-16,D053
E000669,Le Hoai Thanh,1974-02-26,Nam,14000000,2017-03-06,2021-12-14,D053
E000670,Le Dinh Thanh,1995-04-28,Nu,14000000,2018-04-08,2023-10-14,D053
E000671,Vu Dinh Linh,1995-04-23,Nu,17000000,2021-10-15,2021-10-16,D054
E000672,Tran Hai Duc,1998-12-10,Nu,17000000,2022-03-04,,D054
E000673,Hoang Dinh Linh,1986-09-25,Nam,17000000,2019-10-23,2022-03-16,D054
E000674,Tran Khoa Thanh,1989-10-11,Nu,17000000,2016-05-14,,D054
E000675,Le Dinh Anh,1972-11-06,Nu,17000000,2022-05-18,,D054
E000676,Le Dinh Thanh,1997-07-07,Nu,17000000,2020-07-22,,D054
E000677,Tran Dinh Thanh,1986-01-06,Nu,17000000,2015-09-16,,D054
E000678,Tran Thu Thi,1985-07-06,Nu,17000000,2018-07-23,,D054
E000679,Dang Dinh Anh,1985-01-25,Nam,17000000,2022-06-17,2023-10-05,D054
E000680,Hoang Huu Linh,1987-08-19,Nam,17000000,2019-10-10,2022-01-09,D054
E000681,Bui Thu Duc,1973-12-13,Nu,17000000,2015-09-02,,D054
E000682,Hoang Hai Anh,1997-06-07,Nam,13000000,2022-02-10,2023-04-04,D055
E000683,Pham Huu Minh,1971-08-14,Nam,13000000,2021-10-24,,D055
E000684,Bui Dinh Duc,1986-03-08,Nu,13000000,2016-06-25,2016-06-26,D055
E000685,Vu Thu Duc,1979-09-07,Nu,13000000,2016-06-07,,D055
E000686,Le Khoa Minh,1992-11-18,Nu,13000000,2020-08-12,,D055
E000687,Dang Hoai Van,1985-11-09,Nu,13000000,2019-06-21,2022-01-13,D055
E000688,Dang Dinh Minh,1997-09-04,Nam,13000000,2016-12-16,2017-08-11,D055
E000689,Pham Dinh Linh,1983-05-05,Nam,13000000,2022-06-05,,D055
E000690,Tran Thuy Anh,1984-03-14,Nu,13000000,2018-02-05,2021-04-02,D055
E000691,Bui Hai Van,1980-06-21,Nam,13000000,2020-11-19,,D055
E000692,Tran Hai Anh,1987-02-28,Nam,18000000,2015-03-01,2023-05-05,D056
E000693,Bui Thu Quang,1995-09-28,Nu,18000000,2021-05-13,2021-05-14,D056
E000694,Dang Ngoc Quang,1981-02-19,Nam,18000000,2022-11-11,,D056
E000695,Pham Thuy Anh,1995-07-02,Nu,18000000,2022-12-11,2022-12-12,D056
E000696,Tran Khoa Linh,1975-12-04,Nam,18000000,2018-05-13,,D056
E000697,Vu Hoai Linh,1983-05-17,Nu,18000000,2019-01-27,2022-01-25,D056
E000698,Nguyen Thuy Linh,1996-07-02,Nu,18000000,2015-02-20,2022-04-06,D056
E000699,Bui Thu Van,1985-02-20,Nam,18000000,2016-12-20,2018-09-10,D056
E000700,Nguyen Thuy Linh,1973-06-02,Nu,18000000,2018-04-06,,D056
E000701,Vu Thu Thi,1987-03-17,Nu,18000000,2019-01-28,2023-07-18,D056
E000702,Tran Hoai Van,1996-12-27,Nam,18000000,2015-01-10,2020-09-19,D056
E000703,Tran Khoa Minh,1985-02-07,Nam,18000000,2018-02-24,2020-01-01,D056
E000704,Vu Thuy Anh,1994-12-07,Nam,18000000,2015-12-02,2022-05-06,D056
E000705,Dang Ngoc Linh,1990-09-07,Nam,18000000,2020-10-21,2023-04-17,D056
E000706,Pham Ngoc Anh,1983-11-11,Nam,18000000,2016-08-26,2020-11-13,D056
E000707,Le Khoa Thi,1980-09-18,Nam,18000000,2017-04-22,,D056
E000708,Bui Hoai Anh,1985-12-25,Nam,18000000,2015-08-22,,D056
E000709,Tran Hoai Thi,1986-01-28,Nam,12000000,2015-02-28,,D057
E000710,Dang Ngoc Thanh,1984-05-12,Nam,8000000,2021-11-04,2023-06-10,D058
E000711,Dang Hai Duc,1982-05-07,Nu,8000000,2017-03-04,2023-07-05,D058
E000712,Hoang Huu Duc,1989-11-27,Nu,8000000,2022-05-09,2022-07-01,D058
E000713,Le Khoa Linh,1984-04-15,Nu,8000000,2017-09-18,,D058
E000714,Tran Ngoc Minh,1983-05-19,Nam,8000000,2017-12-22,2023-07-02,D058
E000715,Hoang Khoa Minh,1990-10-20,Nam,8000000,2019-04-13,,D058
E000716,Le Thu Duc,1989-05-04,Nu,8000000,2018-10-02,2022-09-08,D058
E000717,Le Khoa Thi,1988-06-03,Nam,8000000,2019-04-04,,D058
E000718,Nguyen Thuy Thanh,1990-10-08,Nam,8000000,2015-04-20,,D058
E000719,Hoang Thu Anh,1982-07-19,Nu,8000000,2020-11-09,2023-01-23,D058
E000720,Nguyen Ngoc Quang,2000-11-20,Nam,8000000,2021-03-06,,D058
E000721,Nguyen Dinh Thanh,1975-07-02,Nam,11000000,2021-10-06,,D059
E000722,Vu Huu Minh,1983-09-14,Nu,11000000,2022-12-09,2022-12-10,D059
E000723,Dang Dinh Duc,1995-08-08,Nam,11000000,2015-11-27,,D059
E000724,Dang Thuy Thanh,1973-08-12,Nam,11000000,2017-08-08,,D059
E000725,Bui Huu Thi,1982-02-09,Nam,11000000,2016-02-06,2021-10-03,D059
E000726,Dang Thu Thanh,1988-09-10,Nam,11000000,2021-08-16,,D059
E000727,Le Dinh Duc,1993-10-12,Nam,11000000,2018-04-17,,D059
E000728,Tran Khoa Van,1995-03-13,Nam,11000000,2019-02-26,2023-12-10,D059
E000729,Nguyen Hoai Anh,1993-07-24,Nu,11000000,2019-04-01,2020-11-07,D059
E000730,Hoang Ngoc Quang,1983-09-25,Nam,11000000,2021-11-17,,D059
E000731,Le Hai Thanh,1998-11-06,Nu,11000000,2021-07-28,,D059
E000732,Hoang Huu Thi,1981-10-06,Nam,11000000,2019-10-24,2019-11-27,D059
E000733,Nguyen Huu Minh,1973-01-10,Nam,11000000,2019-11-23,2021-08-13,D059
E000734,Nguyen Dinh Quang,1982-01-26,Nu,11000000,2017-09-23,2017-10-25,D059
E000735,Le Ngoc Thi,1991-09-28,Nam,14000000,2022-09-05,2022-11-10,D060
E000736,Dang Huu Van,1985-06-22,Nam,14000000,2020-04-22,,D060
E000737,Nguyen Thuy Thi,1970-04-07,Nu,14000000,2017-06-06,2019-07-16,D060
E000738,Tran Ngoc Anh,1971-06-28,Nu,14000000,2019-08-27,,D060
E000739,Bui Hoai Quang,1983-01-12,Nu,14000000,2016-12-17,2016-12-18,D060
E000740,Tran Dinh Thanh,1970-11-02,Nam,14000000,2019-07-14,2023-07-26,D060
E000741,Vu Huu Duc,1979-01-11,Nam,14000000,2021-12-02,2022-10-20,D060
E000742,Hoang Hai Thanh,1990-04-23,Nu,14000000,2016-09-05,,D060
E000743,Le Khoa Thanh,1977-03-05,Nu,14000000,2020-08-14,2023-04-06,D060
E000744,Nguyen Thu Duc,1975-06-08,Nu,14000000,2021-07-04,,D060
E000745,Vu Thuy Thanh,1970-03-02,Nam,14000000,2017-08-05,,D060
E000746,Bui Thu Duc,1996-03-27,Nu,14000000,2022-08-21,,D060
E000747,Tran Ngoc Linh,1973-01-08,Nam,14000000,2022-03-28,,D060
E000748,Pham Khoa Minh,1980-06-01,Nam,14000000,2018-02-21,2023-06-06,D060
E000749,Le Khoa Van,1972-01-22,Nam,14000000,2021-02-18,,D060
E000750,Tran Dinh Anh,1996-09-15,Nam,14000000,2016-02-22,,D060
E000751,Pham Hai Minh,1970-03-08,Nam,14000000,2017-05-22,2023-02-16,D060
E000752,Bui Ngoc Duc,1988-09-25,Nam,17000000,2020-04-18,2022-12-16,D061
E000753,Pham Hai Minh,1992-05-27,Nam,17000000,2022-06-16,2022-11-21,D061
E000754,Nguyen Huu Thanh,1996-04-26,Nam,17000000,2022-03-22,2023-02-12,D061
E000755,Nguyen Hai Minh,1999-03-01,Nu,17000000,2019-01-21,,D061
E000756,Le Hai Linh,1971-04-11,Nu,17000000,2019-03-06,,D061
E000757,Tran Thu Van,1970-04-09,Nu,17000000,2021-04-21,2022-03-16,D061
E000758,Hoang Thuy Quang,1976-12-17,Nu,17000000,2021-05-09,,D061
E000759,Dang Thuy Duc,1995-10-23,Nam,17000000,2018-08-12,2020-11-13,D061
E000760,Tran Ngoc Minh,1972-11-03,Nu,17000000,2017-12-17,2021-02-02,D061
E000761,Hoang Hai Anh,1976-04-02,Nu,17000000,2020-02-08,2022-10-23,D061
E000762,Pham Khoa Quang,1974-07-15,Nu,17000000,2022-10-01,,D061
E000763,Le Hai Linh,1983-08-14,Nu,17000000,2018-09-14,2019-06-27,D061
E000764,Vu Huu Thi,1980-07-19,Nam,17000000,2019-09-08,2023-02-01,D061
E000765,Pham Thu Linh,1975-06-24,Nu,17000000,2021-10-07,2021-10-08,D061
E000766,Hoang Dinh Linh,2000-12-13,Nu,17000000,2016-05-02,,D061
E000767,Bui Hai Anh,1985-04-05,Nam,17000000,2021-07-21,,D061
E000768,Bui Huu Thi,1998-03-04,Nu,17000000,2019-02-07,,D061
E000769,Nguyen Hai Duc,1970-07-13,Nu,17000000,2017-03-28,,D061
E000770,Le Khoa Quang,1998-01-06,Nu,17000000,2016-10-17,,D061
E000771,Tran Thuy Quang,1987-05-01,Nu,17000000,2017-10-09,,D061
E000772,Hoang Ngoc Quang,1988-03-05,Nam,13000000,2018-02-03,,D062
E000773,Vu Thu Thi,1991-07-20,Nu,13000000,2015-04-06,,D062
E000774,Pham Khoa Minh,1977-03-21,Nu,13000000,2016-11-14,2017-08-13,D062
E000775,Pham Hoai Linh,1977-08-21,Nam,13000000,2017-11-27,,D062
E000776,Pham Khoa Thi,1991-09-01,Nu,13000000,2017-10-11,,D062
E000777,Hoang Hai Minh,1979-10-21,Nu,13000000,2022-04-21,,D062
E000778,Le Hai Thanh,1988-02-04,Nu,13000000,2021-10-06,2023-08-12,D062
E000779,Vu Thuy Anh,1981-05-25,Nam,13000000,2020-11-16,,D062
E000780,Hoang Ngoc Quang,1972-06-27,Nam,13000000,2016-06-03,2023-05-12,D062
E000781,Bui Huu Thi,1983-05-05,Nu,13000000,2015-08-27,,D062
E000782,Hoang Hai Linh,1985-02-19,Nu,18000000,2021-03-26,2021-03-27,D063
E000783,Nguyen Huu Thanh,1970-04-18,Nam,18000000,2018-02-25,2019-12-17,D063
E000784,Hoang Thu Van,1996-09-26,Nu,18000000,2022-01-25,2022-11-16,D063
E000785,Dang Thuy Quang,1996-02-15,Nam,18000000,2022-02-27,2022-10-27,D063
E000786,Dang Ngoc Linh,1988-03-16,Nu,18000000,2019-07-28,,D063
E000787,Bui Hai Thanh,1978-04-16,Nu,18000000,2016-10-10,2023-03-01,D063
E000788,Nguyen Huu Van,1989-12-10,Nu,18000000,2016-08-21,,D063
E000789,Hoang Dinh Linh,1975-04-07,Nam,18000000,2020-02-06,2020-04-20,D063
E000790,Hoang Thu Van,1983-09-17,Nam,18000000,2022-10-23,2023-10-11,D063
E000791,Vu Dinh Quang,1991-10-17,Nam,18000000,2017-10-19,,D063
E000792,Dang Thu Thi,1989-06-01,Nam,18000000,2021-04-02,2022-05-17,D063
E000793,Bui Hai Linh,1988-03-03,Nam,18000000,2022-06-02,2023-06-10,D063
E000794,Bui Ngoc Anh,1986-02-24,Nam,18000000,2022-04-20,,D063
E000795,Bui Huu Linh,1977-03-04,Nam,18000000,2018-10-12,,D063
E000796,Nguyen Hai Thanh,1992-12-04,Nam,18000000,2022-04-25,2023-05-28,D063
E000797,Hoang Hoai Quang,1981-11-09,Nu,18000000,2018-02-03,2019-07-28,D063
E000798,Le Thu Anh,1986-12-24,Nam,18000000,2017-05-23,2022-05-18,D063
E000799,Nguyen Ngoc Duc,1975-10-02,Nam,18000000,2022-07-08,,D063
E000800,Bui Dinh Linh,1992-07-15,Nu,18000000,2020-11-21,,D063
E000801,Dang Hai Duc,1989-02-03,Nu,18000000,2015-10-26,2020-07-09,D063
E000802,Dang Khoa Minh,1980-08-16,Nam,12000000,2015-06-24,,D064
E000803,Pham Thuy Quang,1982-05-07,Nam,8000000,2019-02-17,2019-09-04,D065
E000804,Nguyen Huu Quang,1988-01-23,Nam,8000000,2016-11-08,2017-05-09,D065
E000805,Le Hai Quang,1985-05-18,Nu,8000000,2019-04-02,,D065
E000806,Le Huu Van,2000-10-15,Nam,8000000,2020-11-07,2023-06-08,D065
E000807,Vu Hoai Quang,1974-08-27,Nu,8000000,2021-05-17,2022-05-26,D065
E000808,Dang Hoai Thanh,1972-12-14,Nam,8000000,2015-11-25,2023-10-26,D065
E000809,Hoang Hoai Thi,1986-03-18,Nam,8000000,2021-10-23,2023-01-13,D065
E000810,Vu Hoai Quang,1982-05-17,Nam,8000000,2021-07-11,2022-04-24,D065
E000811,Vu Thuy Linh,1998-11-01,Nu,8000000,2019-09-21,,D065
E000812,Hoang Thu Thanh,1997-01-22,Nu,8000000,2016-10-08,2017-01-11,D065
E000813,Pham Thu Thi,1989-06-02,Nu,8000000,2022-09-03,2022-09-04,D065
E000814,Hoang Huu Duc,1971-12-09,Nam,8000000,2019-04-20,2023-05-17,D065
E000815,Vu Dinh Thi,1981-08-04,Nu,11000000,2017-12-25,,D066
E000816,Pham Huu Anh,1971-07-09,Nu,11000000,2019-08-18,,D066
E000817,Dang Thu Quang,1987-01-18,Nu,11000000,2015-10-18,,D066
E000818,Nguyen Ngoc Quang,1976-09-01,Nam,11000000,2020-10-01,,D066
E000819,Dang Khoa Quang,1971-09-03,Nam,11000000,2022-03-20,,D066
E000820,Dang Khoa Linh,1973-12-22,Nu,11000000,2017-07-16,2019-12-01,D066
E000821,Bui Thuy Anh,1977-08-08,Nu,11000000,2021-07-17,,D066
E000822,Tran Huu Van,1971-04-10,Nu,11000000,2020-04-26,,D066
E000823,Le Thuy Quang,1973-01-14,Nam,11000000,2019-03-06,2021-09-19,D066
E000824,Nguyen Hai Quang,1992-05-25,Nu,11000000,2015-07-23,2020-12-19,D066
E000825,Hoang Hai Thanh,1997-02-18,Nam,11000000,2020-11-17,,D066
E000826,Le Hoai Thi,1992-01-02,Nam,11000000,2021-08-17,2021-12-22,D066
E000827,Tran Hoai Anh,1985-05-10,Nam,11000000,2021-08-04,2023-07-05,D066
E000828,Pham Hai Minh,1987-04-09,Nam,11000000,2021-12-21,,D066
E000829,Tran Dinh Anh,1979-07-26,Nu,11000000,2020-10-16,,D066
E000830,Pham Thuy Linh,1994-10-27,Nu,11000000,2018-04-28,2018-06-27,D066
E000831,Nguyen Dinh Quang,1983-12-18,Nu,11000000,2017-08-17,2018-07-15,D066
E000832,Vu Dinh Thi,1997-07-03,Nam,11000000,2020-07-04,,D066
E000833,Le Huu Duc,1982-07-10,Nu,14000000,2015-11-15,,D067
E000834,Dang Hai Thi,1992-07-12,Nu,14000000,2022-11-20,2023-05-13,D067
E000835,Dang Hoai Minh,1983-06-23,Nam,14000000,2017-12-17,,D067
E000836,Vu Thu Van,1996-06-05,Nam,14000000,2017-03-22,2019-08-12,D067
E000837,Pham Dinh Anh,1978-02-17,Nu,14000000,2019-11-04,,D067
E000838,Le Thu Thi,1985-06-23,Nu,14000000,2022-02-23,2022-04-28,D067
E000839,Le Ngoc Thanh,1974-12-17,Nam,14000000,2019-01-09,2023-06-22,D067
E000840,Nguyen Hoai Van,1994-03-16,Nam,14000000,2015-05-01,,D067
E000841,Vu Thu Thi,1986-12-02,Nam,14000000,2022-03-04,2023-11-10,D067
E000842,Vu Dinh Duc,2000-03-27,Nu,14000000,2019-08-23,2021-11-21,D067
E000843,Vu Thu Anh,1996-10-08,Nam,17000000,2018-11-13,,D068
E000844,Vu Dinh Anh,1971-10-20,Nam,17000000,2018-03-14,,D068
E000845,Nguyen Huu Duc,1972-03-09,Nu,17000000,2015-06-04,2018-10-12,D068
E000846,Le Hai Van,1987-09-27,Nam,17000000,2019-02-04,2021-03-01,D068
E000847,Dang Thuy Van,1992-08-13,Nu,17000000,2022-12-01,,D068
E000848,Nguyen Thu Van,1992-12-25,Nam,17000000,2019-12-26,,D068
E000849,Nguyen Dinh Thanh,1975-11-16,Nu,17000000,2021-06-22,2022-07-09,D068
E000850,Pham Hai Thi,1983-11-21,Nu,17000000,2016-08-16,,D068
E000851,Tran Hai Linh,1982-01-01,Nu,17000000,2020-04-01,2021-01-27,D068
E000852,Pham Thu Quang,1979-10-03,Nu,17000000,2018-08-11,,D068
E000853,Pham Thuy Minh,1975-06-27,Nu,17000000,2020-01-04,,D068
E000854,Dang Hoai Linh,1995-03-09,Nu,17000000,2021-02-14,2023-05-26,D068
E000855,Hoang Khoa Linh,1995-03-07,Nu,17000000,2022-05-19,,D068
E000856,Tran Hoai Anh,1989-06-08,Nu,17000000,2015-06-21,2016-12-02,D068
E000857,Vu Ngoc Linh,1994-04-07,Nam,17000000,2021-12-22,2023-04-20,D068
E000858,Le Thu Van,1972-03-26,Nam,17000000,2022-03-20,,D068
E000859,Tran Hai Duc,1986-11-14,Nam,13000000,2020-01-20,,D069
E000860,Dang Hoai Linh,1977-06-10,Nu,13000000,2019-05-26,,D069
E000861,Hoang Ngoc Thanh,1972-03-17,Nu,13000000,2017-11-02,2022-11-16,D069
E000862,Nguyen Thu Anh,1970-01-25,Nu,13000000,2018-03-10,2021-07-06,D069
E000863,Le Hai Thanh,1976-02-21,Nu,13000000,2015-10-14,2018-11-07,D069
E000864,Pham Khoa Linh,1990-01-17,Nu,13000000,2019-06-27,,D069
E000865,Nguyen Hai Van,1986-06-23,Nam,13000000,2017-07-11,,D069
E000866,Dang Khoa Linh,2000-06-18,Nam,13000000,2016-07-22,,D069
E000867,Hoang Thuy Van,1973-11-20,Nu,13000000,2016-08-03,,D069
E000868,Le Ngoc Minh,1988-04-23,Nu,13000000,2019-08-16,,D069
E000869,Tran Hai Quang,1974-05-11,Nu,13000000,2015-09-02,2021-07-09,D069
E000870,Tran Thu Thanh,1986-02-09,Nam,13000000,2021-06-05,,D069
E000871,Dang Hoai Quang,1984-02-25,Nu,18000000,2015-08-07,2023-09-06,D070
E000872,Tran Huu Duc,1993-03-03,Nu,18000000,2018-07-05,2019-04-17,D070
E000873,Hoang Thuy Anh,1989-07-27,Nam,18000000,2022-06-02,2022-06-03,D070
E000874,Nguyen Huu Quang,1997-04-28,Nam,18000000,2018-09-26,,D070
E000875,Vu Huu Duc,1984-03-01,Nam,18000000,2019-10-20,2019-12-16,D070
E000876,Bui Khoa Minh,1993-04-07,Nam,18000000,2016-05-20,2023-05-23,D070
E000877,Le Hai Quang,1986-11-10,Nu,18000000,2020-09-07,,D070
E000878,Pham Thu Anh,1998-06-08,Nu,18000000,2017-11-13,,D070
E000879,Le Hai Thanh,1996-02-11,Nam,18000000,2015-06-18,2023-12-02,D070
E000880,Nguyen Thuy Quang,1989-05-15,Nam,18000000,2016-01-14,,D070
E000881,Vu Ngoc Van,1999-08-01,Nam,18000000,2022-01-09,,D070
E000882,Pham Huu Linh,1983-09-10,Nam,18000000,2016-12-21,2022-10-11,D070
E000883,Vu Thu Quang,1996-03-27,Nam,18000000,2022-02-04,,D070
E000884,Dang Dinh Linh,1970-11-10,Nam,18000000,2020-06-26,,D070
E000885,Bui Dinh Thi,1992-04-15,Nu,18000000,2022-05-11,2023-07-07,D070
E000886,Bui Hai Duc,1984-12-19,Nu,18000000,2017-07-26,2019-05-22,D070
E000887,Nguyen Dinh Quang,1991-11-09,Nu,18000000,2019-05-12,,D070
E000888,Bui Thuy Thanh,1999-02-24,Nam,18000000,2022-07-24,,D070
E000889,Vu Thuy Van,1986-05-27,Nu,18000000,2020-08-19,2020-10-19,D070
E000890,Hoang Thu Quang,1981-10-12,Nam,18000000,2019-05-12,,D070
E000891,Tran Dinh Linh,1976-11-14,Nu,12000000,2016-03-22,,D071
E000892,Hoang Thu Quang,1971-12-24,Nam,8000000,2022-06-05,,D072
E000893,Le Hai Minh,1971-11-25,Nu,8000000,2021-12-02,,D072
E000894,Nguyen Dinh Quang,1975-03-14,Nam,8000000,2021-08-28,,D072
E000895,Bui Thu Thanh,1998-11-03,Nu,8000000,2015-10-21,2019-04-09,D072
E000896,Tran Hoai Minh,1981-07-23,Nu,8000000,2020-08-22,2022-03-09,D072
E000897,Tran Dinh Minh,1995-02-20,Nam,8000000,2017-02-07,2020-06-13,D072
E000898,Vu Hai Duc,1994-06-28,Nu,8000000,2022-11-17,,D072
E000899,Vu Khoa Quang,1979-02-12,Nam,8000000,2017-05-14,2022-10-04,D072
E000900,Le Dinh Quang,1980-10-16,Nu,8000000,2018-07-13,2022-11-11,D072
E000901,Pham Huu Thanh,1995-05-27,Nam,8000000,2020-07-24,2023-01-06,D072
E000902,Le Dinh Minh,1971-10-04,Nu,8000000,2018-12-18,2021-04-23,D072
E000903,Vu Hai Thanh,1977-04-01,Nu,8000000,2017-10-18,2021-02-15,D072
E000904,Bui Hoai Duc,1997-08-04,Nam,8000000,2019-07-25,,D072
E000905,Vu Dinh Linh,1973-01-22,Nu,8000000,2021-02-28,,D072
E000906,Vu Thuy Thi,1973-03-01,Nam,11000000,2021-06-25,,D073
E000907,Bui Huu Quang,1977-02-01,Nam,11000000,2022-10-02,,D073
E000908,Dang Dinh Thi,1972-10-22,Nu,11000000,2016-09-11,2019-08-25,D073
E000909,Le Thuy Thi,1995-01-15,Nam,11000000,2016-01-03,2016-12-06,D073
E000910,Dang Thuy Thi,1981-06-07,Nam,11000000,2016-05-21,,D073
E000911,Le Khoa Thanh,1984-10-21,Nu,11000000,2022-05-02,2022-05-03,D073
E000912,Nguyen Hai Quang,1986-06-17,Nam,11000000,2022-01-11,2022-07-11,D073
E000913,Bui Thu Quang,1973-11-19,Nam,11000000,2015-08-15,2023-11-13,D073
E000914,Le Khoa Van,1983-10-08,Nam,11000000,2021-01-14,2023-06-10,D073
E000915,Nguyen Khoa Van,1991-11-26,Nu,11000000,2022-12-11,,D073
E000916,Bui Thu Duc,1990-10-04,Nam,11000000,2022-06-20,2022-06-21,D073
E000917,Pham Hai Duc,1994-06-05,Nu,11000000,2016-10-07,,D073
E000918,Pham Huu Van,2000-01-24,Nu,11000000,2018-06-04,,D073
E000919,Dang Ngoc Anh,1993-09-26,Nam,11000000,2017-09-15,2020-02-23,D073
E000920,Hoang Thuy Thanh,1986-09-20,Nu,11000000,2019-09-07,,D073
E000921,Vu Khoa Van,1983-03-25,Nam,14000000,2015-05-10,2022-12-03,D074
E000922,Pham Huu Van,1981-12-19,Nam,14000000,2015-03-13,,D074
E000923,Bui Ngoc Anh,1996-10-03,Nu,14000000,2016-05-11,,D074
E000924,Le Thu Van,1981-05-13,Nam,14000000,2015-12-10,2018-09-25,D074
E000925,Pham Thu Anh,1975-10-08,Nam,14000000,2016-10-03,,D074
E000926,Vu Thuy Van,1975-11-20,Nam,14000000,2022-04-11,2023-03-14,D074
E000927,Dang Hoai Anh,1977-08-12,Nu,14000000,2016-08-21,2022-12-19,D074
E000928,Tran Huu Thanh,1986-11-09,Nam,14000000,2020-02-09,2023-03-03,D074
E000929,Vu Thu Quang,1975-03-06,Nu,14000000,2020-05-05,,D074
E000930,Bui Ngoc Thi,1994-06-02,Nu,14000000,2015-07-17,2020-06-09,D074
E000931,Dang Dinh Duc,1981-10-01,Nam,14000000,2020-07-11,2023-12-23,D074
E000932,Hoang Hoai Thi,1984-06-04,Nu,14000000,2016-07-26,,D074
E000933,Bui Thuy Quang,1988-11-21,Nu,14000000,2017-07-25,2017-09-05,D074
E000934,Tran Thuy Thi,1970-02-24,Nu,14000000,2020-01-07,,D074
E000935,Vu Khoa Minh,1979-11-03,Nam,14000000,2015-08-16,2021-09-06,D074
E000936,Le Khoa Van,1986-12-01,Nam,14000000,2020-03-15,2021-07-12,D074
E000937,Bui Ngoc Thanh,1987-09-08,Nam,14000000,2021-05-02,2022-06-16,D074
E000938,Nguyen Huu Van,1989-05-23,Nu,14000000,2018-02-22,2021-03-28,D074
E000939,Le Dinh Van,1978-09-03,Nu,17000000,2022-02-28,,D075
E000940,Pham Khoa Van,1992-02-19,Nu,17000000,2018-05-23,,D075
E000941,Hoang Thuy Van,1976-01-12,Nam,17000000,2018-08-17,2019-11-23,D075
E000942,Dang Thuy Anh,1980-08-09,Nu,17000000,2017-09-19,2018-08-06,D075
E000943,Nguyen Ngoc Anh,1985-07-22,Nu,17000000,2021-02-22,,D075
E000944,Vu Khoa Thi,1993-05-01,Nu,17000000,2018-01-23,2022-05-24,D075
E000945,Bui Hoai Thi,1985-01-03,Nam,17000000,2020-04-01,,D075
E000946,Le Hai Van,1998-11-27,Nam,17000000,2016-08-26,2020-03-17,D075
E000947,Nguyen Huu Anh,1980-06-02,Nu,17000000,2016-08-02,2022-05-17,D075
E000948,Hoang Dinh Van,1992-02-18,Nam,17000000,2017-05-03,,D075
E000949,Bui Ngoc Thanh,1987-03-20,Nu,17000000,2022-11-07,2022-11-08,D075
E000950,Dang Thuy Thi,1972-06-05,Nam,17000000,2022-09-14,2022-09-15,D075
E000951,Tran Hoai Anh,1979-02-18,Nu,17000000,2015-03-19,,D075
E000952,Dang Thuy Van,1991-02-02,Nam,13000000,2020-04-10,,D076
E000953,Le Thuy Thanh,1989-01-25,Nam,13000000,2017-10-07,2022-06-15,D076
E000954,Le Dinh Thanh,1997-09-20,Nam,13000000,2022-03-13,2023-04-20,D076
E000955,Hoang Thu Thanh,1989-06-06,Nam,13000000,2016-05-01,2018-10-13,D076
E000956,Le Hoai Duc,1993-10-27,Nu,13000000,2020-12-15,2020-12-16,D076
E000957,Vu Hoai Thanh,1988-11-22,Nam,13000000,2019-02-02,,D076
E000958,Pham Hoai Linh,1999-06-24,Nu,13000000,2017-04-21,,D076
E000959,Le Thu Thi,1973-05-15,Nam,13000000,2015-12-27,,D076
E000960,Bui Thuy Thanh,1982-12-12,Nu,13000000,2021-09-04,2021-09-05,D076
E000961,Le Dinh Quang,1998-08-07,Nam,13000000,2015-05-06,,D076
E000962,Dang Dinh Quang,1988-09-03,Nam,13000000,2020-06-26,2022-10-28,D076
E000963,Bui Thu Minh,1990-02-25,Nam,13000000,2021-08-07,2023-05-12,D076
E000964,Nguyen Thuy Anh,1970-06-04,Nam,13000000,2015-09-08,,D076
E000965,Le Dinh Duc,2000-01-25,Nam,13000000,2017-09-05,2019-01-07,D076
E000966,Bui Huu Thanh,1979-05-19,Nu,13000000,2018-02-23,2019-06-13,D076
E000967,Bui Dinh Anh,2000-02-09,Nu,13000000,2018-09-01,2019-02-03,D076
E000968,Bui Thu Quang,1997-01-05,Nu,13000000,2020-04-24,2022-04-25,D076
E000969,Dang Huu Thanh,1998-06-15,Nam,18000000,2017-12-09,2018-08-15,D077
E000970,Hoang Huu Thanh,1986-09-27,Nu,18000000,2018-03-17,,D077
E000971,Le Thuy Thi,1985-12-02,Nam,18000000,2019-10-01,2021-12-27,D077
E000972,Nguyen Thu Anh,1982-06-09,Nu,18000000,2020-02-03,,D077
E000973,Hoang Hoai Anh,1978-12-25,Nam,18000000,2016-05-20,2020-01-18,D077
E000974,Nguyen Thu Minh,1989-12-11,Nam,18000000,2022-12-04,2022-12-05,D077
E000975,Hoang Hoai Thi,1971-04-20,Nam,18000000,2017-06-05,2023-08-24,D077
E000976,Tran Khoa Minh,1985-04-15,Nu,18000000,2022-03-04,2023-11-01,D077
E000977,Le Hoai Van,1993-08-13,Nu,18000000,2016-09-05,2023-06-28,D077
E000978,Nguyen Thu Van,1993-09-28,Nam,18000000,2018-10-16,,D077
E000979,Pham Thu Linh,1999-02-21,Nu,18000000,2018-11-17,,D077
E000980,Vu Khoa Minh,1977-11-16,Nu,18000000,2021-08-08,,D077
E000981,Nguyen Hoai Van,1980-12-13,Nam,18000000,2019-03-05,,D077
E000982,Pham Ngoc Duc,1990-12-23,Nu,12000000,2017-07-23,,D078
E000983,Tran Thu Anh,1974-05-23,Nam,8000000,2022-10-27,,D079
E000984,Vu Thu Quang,1981-03-22,Nu,8000000,2015-03-11,2022-11-06,D079
E000985,Tran Khoa Minh,2000-09-24,Nam,8000000,2022-12-18,2023-12-04,D079
E000986,Vu Ngoc Linh,1978-06-15,Nam,8000000,2021-12-15,2021-12-16,D079
E000987,Bui Hoai Thi,1983-09-10,Nu,8000000,2020-03-15,2020-05-19,D079
E000988,Hoang Hoai Anh,1971-09-01,Nam,8000000,2021-11-23,2021-11-24,D079
E000989,Bui Thu Thi,1980-09-15,Nu,8000000,2022-08-07,,D079
E000990,Bui Hai Minh,1998-11-11,Nu,8000000,2019-10-19,2022-05-23,D079
E000991,Bui Dinh Linh,2000-02-10,Nu,8000000,2015-09-07,,D079
E000992,Nguyen Ngoc Thanh,1993-06-19,Nam,8000000,2019-04-24,2019-08-27,D079
E000993,Hoang Dinh Linh,1975-01-22,Nam,8000000,2017-07-03,2023-04-25,D079
E000994,Vu Hai Quang,1982-02-07,Nu,8000000,2017-05-27,,D079
E000995,Bui Hoai Quang,1999-07-07,Nu,8000000,2018-02-08,2023-09-19,D079
E000996,Hoang Hoai Duc,1988-02-11,Nu,8000000,2017-09-23,,D079
E000997,Dang Hoai Minh,1985-05-23,Nam,8000000,2015-01-07,,D079
E000998,Pham Hoai Thanh,1984-04-09,Nu,8000000,2019-01-26,2020-02-21,D079
E000999,Tran Thuy Thi,1980-09-04,Nu,11000000,2017-09-26,,D080
E001000,Dang Khoa Thi,1977-07-17,Nam,11000000,2018-04-14,2021-03-08,D080
E001001,Hoang Hai Minh,1987-01-02,Nu,11000000,2017-03-21,2017-08-04,D080
E001002,Dang Hai Thanh,1996-06-28,Nam,11000000,2015-07-12,,D080
E001003,Vu Huu Minh,1984-01-10,Nu,11000000,2019-02-24,,D080
E001004,Le Hai Van,1973-11-07,Nam,11000000,2017-07-17,,D080
E001005,Pham Hai Thanh,1986-05-20,Nu,11000000,2015-02-01,,D080
E001006,Bui Dinh Van,1994-07-17,Nu,11000000,2016-04-05,2017-01-20,D080
E001007,Hoang Hai Linh,1994-12-03,Nam,11000000,2016-11-24,2018-06-18,D080
E001008,Tran Hoai Thi,1995-10-22,Nu,11000000,2018-09-04,2020-02-09,D080
E001009,Le Khoa Anh,1986-10-06,Nam,11000000,2020-03-02,2020-09-18,D080
E001010,Bui Hoai Duc,1975-04-19,Nam,11000000,2017-07-09,2019-01-16,D080
E001011,Dang Khoa Thi,1974-06-15,Nam,11000000,2020-06-08,,D080
E001012,Le Hai Thanh,1973-03-07,Nam,11000000,2021-11-19,2023-04-15,D080
E001013,Pham Hai Minh,1978-02-14,Nam,11000000,2021-04-26,,D080
E001014,Bui Dinh Van,1994-02-20,Nam,11000000,2022-09-03,,D080
E001015,Hoang Ngoc Thanh,1979-10-28,Nu,11000000,2016-05-14,,D080
E001016,Nguyen Dinh Thi,1993-06-25,Nu,14000000,2015-06-16,2018-10-10,D081
E001017,Vu Hoai Quang,1991-08-14,Nu,14000000,2016-02-27,,D081
E001018,Bui Hai Anh,1970-07-23,Nam,14000000,2018-06-07,,D081
E001019,Le Dinh Thi,2000-04-10,Nam,14000000,2019-10-04,2023-07-08,D081
E001020,Tran Khoa Thi,1998-12-05,Nu,14000000,2019-04-16,2019-08-07,D081
E001021,Vu Dinh Duc,1982-11-07,Nu,14000000,2015-08-27,,D081
E001022,Vu Thuy Quang,1978-09-13,Nu,14000000,2022-07-18,2023-02-17,D081
E001023,Bui Khoa Linh,1980-02-05,Nu,14000000,2019-08-10,,D081
E001024,Nguyen Hai Quang,1984-03-14,Nam,14000000,2020-06-25,,D081
E001025,Vu Dinh Thanh,1986-07-15,Nam,14000000,2020-01-15,,D081
E001026,Pham Hai Thi,1974-02-21,Nam,14000000,2021-02-28,2022-09-19,D081
E001027,Bui Huu Quang,1981-01-27,Nam,14000000,2015-03-16,,D081
E001028,Le Thuy Minh,2000-09-24,Nu,14000000,2021-03-18,2021-05-26,D081
E001029,Pham Thuy Anh,1973-01-26,Nu,14000000,2020-01-26,2020-09-21,D081
E001030,Nguyen Khoa Van,1992-08-18,Nu,14000000,2019-04-08,,D081
E001031,Le Hoai Minh,1998-12-13,Nam,17000000,2018-08-25,2022-07-21,D082
E001032,Nguyen Hoai Quang,1974-01-22,Nu,17000000,2019-04-03,2022-07-20,D082
E001033,Nguyen Thu Duc,1999-05-11,Nam,17000000,2018-11-15,,D082
E001034,Dang Ngoc Van,1979-07-19,Nam,17000000,2015-01-16,,D082
E001035,Le Hai Van,1973-05-05,Nam,17000000,2022-04-23,,D082
E001036,Le Dinh Duc,1972-08-18,Nu,17000000,2016-10-16,,D082
E001037,Le Hoai Linh,1998-05-21,Nam,17000000,2022-11-25,2022-11-26,D082
E001038,Hoang Ngoc Anh,1971-11-02,Nam,17000000,2016-05-09,2019-03-08,D082
E001039,Nguyen Dinh Thi,1974-02-26,Nam,17000000,2022-05-07,2022-10-05,D082
E001040,Bui Dinh Thanh,1973-06-11,Nu,17000000,2021-05-02,,D082
E001041,Bui Thuy Linh,1971-10-27,Nam,17000000,2021-06-01,,D082
E001042,Bui Dinh Linh,1980-12-18,Nam,17000000,2017-07-04,,D082
E001043,Pham Khoa Thanh,1986-05-04,Nu,17000000,2019-02-20,,D082
E001044,Hoang Hai Van,1970-04-04,Nam,17000000,2015-09-16,2022-07-12,D082
E001045,Dang Thuy Quang,1980-05-27,Nu,13000000,2021-02-20,,D083
E001046,Pham Thuy Anh,1994-07-15,Nam,13000000,2017-11-28,2020-11-20,D083
E001047,Tran Hai Quang,1980-10-01,Nu,13000000,2021-08-18,2021-08-19,D083
E001048,Pham Hoai Minh,2000-01-07,Nu,13000000,2020-01-06,2022-02-22,D083
E001049,Tran Dinh Van,1978-12-08,Nam,13000000,2018-12-19,2021-10-18,D083
E001050,Nguyen Khoa Duc,1994-02-25,Nu,13000000,2019-12-16,,D083
E001051,Nguyen Dinh Quang,1990-11-06,Nam,13000000,2017-02-01,2018-04-08,D083
E001052,Bui Khoa Quang,1998-09-03,Nam,13000000,2016-12-02,,D083
E001053,Nguyen Dinh Duc,1985-08-20,Nam,13000000,2020-10-13,2020-10-14,D083
E001054,Vu Thu Minh,1998-12-03,Nam,13000000,2019-05-12,,D083
E001055,Hoang Khoa Thi,1972-11-22,Nam,13000000,2018-10-13,2022-10-21,D083
E001056,Pham Ngoc Duc,1987-06-07,Nam,13000000,2015-04-12,2023-11-24,D083
E001057,Tran Hai Quang,1985-12-25,Nu,13000000,2017-04-19,,D083
E001058,Bui Dinh Anh,1994-04-14,Nam,13000000,2018-11-23,,D083
E001059,Tran Khoa Linh,1995-07-09,Nam,13000000,2021-10-04,2021-10-05,D083
E001060,Tran Khoa Quang,1997-09-02,Nam,18000000,2017-03-16,,D084
E001061,Dang Khoa Quang,1985-01-28,Nam,18000000,2017-02-11,2020-01-07,D084
E001062,Dang Huu Linh,1980-10-08,Nam,18000000,2022-10-04,2022-10-05,D084
E001063,Tran Khoa Thi,1985-02-16,Nam,18000000,2015-04-04,2020-04-19,D084
E001064,Nguyen Huu Minh,1978-07-16,Nu,18000000,2022-02-18,2023-07-21,D084
E001065,Vu Huu Quang,1989-08-03,Nam,18000000,2015-01-12,,D084
E001066,Nguyen Hoai Anh,1984-08-27,Nu,18000000,2022-03-15,,D084
E001067,Tran Huu Anh,1999-02-19,Nam,18000000,2020-07-07,,D084
E001068,Bui Ngoc Van,1997-08-06,Nu,18000000,2015-03-01,2022-04-05,D084
E001069,Hoang Thu Linh,1988-10-01,Nam,18000000,2018-03-17,2018-10-10,D084
E001070,Bui Ngoc Anh,1979-02-27,Nu,18000000,2021-05-18,2022-08-10,D084
E001071,Le Dinh Anh,1994-11-15,Nu,12000000,2021-04-02,,D085
E001072,Pham Khoa Thi,1984-05-24,Nam,8000000,2021-12-25,2023-09-17,D086
E001073,Tran Ngoc Thanh,1980-02-07,Nam,8000000,2020-09-18,,D086
E001074,Vu Huu Quang,1975-04-02,Nu,8000000,2022-03-08,,D086
E001075,Tran Ngoc Minh,1990-01-06,Nu,8000000,2018-10-17,2019-06-17,D086
E001076,Hoang Khoa Thi,1988-07-05,Nam,8000000,2020-05-11,2022-06-09,D086
E001077,Hoang Khoa Thanh,1992-01-04,Nu,8000000,2021-07-20,2021-07-21,D086
E001078,Tran Thu Duc,1988-06-23,Nu,8000000,2020-11-01,,D086
E001079,Hoang Hoai Thanh,1992-08-21,Nu,8000000,2018-02-27,2022-09-23,D086
E001080,Dang Khoa Linh,1990-02-25,Nam,8000000,2021-11-05,,D086
E001081,Vu Khoa Linh,1979-08-18,Nu,8000000,2015-11-03,2016-06-26,D086
E001082,Tran Hai Minh,1976-12-16,Nu,8000000,2020-01-28,2020-02-22,D086
E001083,Hoang Khoa Van,1978-06-05,Nam,8000000,2020-02-09,,D086
E001084,Dang Hai Quang,1971-07-11,Nam,8000000,2022-04-23,2023-02-07,D086
E001085,Bui Hoai Van,1984-08-15,Nam,8000000,2017-08-09,,D086
E001086,Le Hoai Quang,1977-01-07,Nam,8000000,2021-09-19,2021-09-20,D086
E001087,Dang Thuy Thi,1975-01-26,Nam,8000000,2016-05-23,2016-07-02,D086
E001088,Bui Hoai Thanh,1999-04-09,Nam,8000000,2022-10-25,,D086
E001089,Nguyen Huu Quang,1976-05-09,Nam,11000000,2018-09-25,,D087
E001090,Le Thu Van,1995-10-07,Nam,11000000,2020-03-19,2020-03-20,D087
E001091,Hoang Khoa Anh,1988-01-26,Nu,11000000,2016-08-21,2019-01-19,D087
E001092,Tran Ngoc Thi,1974-05-09,Nam,11000000,2015-10-06,2018-06-22,D087
E001093,Pham Hoai Thanh,1995-11-11,Nu,11000000,2016-09-26,2023-05-14,D087
E001094,Le Hai Thi,1983-04-13,Nu,11000000,2020-04-23,2021-12-10,D087
E001095,Tran Hoai Thanh,1977-10-24,Nam,11000000,2022-11-18,,D087
E001096,Dang Thu Thanh,1981-08-05,Nam,11000000,2016-03-25,2016-04-21,D087
E001097,Bui Huu Anh,1998-10-19,Nu,11000000,2017-11-26,,D087
E001098,Le Thu Duc,1999-05-11,Nu,11000000,2022-11-17,,D087
E001099,Tran Hoai Quang,1977-05-17,Nam,11000000,2022-06-01,2022-06-02,D087
E001100,Tran Huu Van,1991-01-24,Nu,11000000,2018-07-18,2022-07-06,D087
E001101,Dang Hai Van,1982-05-12,Nu,11000000,2019-05-03,2021-07-01,D087
E001102,Pham Khoa Minh,1973-06-06,Nam,11000000,2022-09-27,,D087
E001103,Hoang Huu Thanh,1996-12-05,Nu,11000000,2022-03-25,,D087
E001104,Vu Khoa Duc,1990-09-05,Nu,11000000,2017-11-24,,D087
E001105,Vu Ngoc Duc,1996-12-07,Nam,14000000,2015-04-04,,D088
E001106,Vu Thuy Van,1985-01-24,Nu,14000000,2021-04-04,,D088
E001107,Dang Ngoc Minh,1991-06-13,Nu,14000000,2016-09-06,,D088
E001108,Hoang Hai Linh,1979-08-22,Nam,14000000,2018-05-11,,D088
E001109,Pham Hai Anh,1987-04-05,Nam,14000000,2016-10-20,2021-04-04,D088
E001110,Vu Hoai Minh,1999-07-09,Nu,14000000,2021-06-14,2023-09-22,D088
E001111,Nguyen Thuy Anh,1993-12-14,Nu,14000000,2022-06-15,,D088
E001112,Le Thuy Anh,1984-03-04,Nam,14000000,2018-10-10,2020-04-10,D088
E001113,Pham Hai Minh,1978-01-14,Nam,14000000,2020-01-28,2023-04-15,D088
E001114,Dang Ngoc Thi,1990-08-16,Nu,14000000,2020-11-01,2020-11-02,D088
E001115,Hoang Thu Thi,1992-04-04,Nu,14000000,2015-02-22,,D088
E001116,Le Hai Quang,1987-03-27,Nam,14000000,2015-03-11,2015-04-27,D088
E001117,Le Thuy Duc,1985-08-23,Nam,14000000,2015-10-24,2022-05-18,D088
E001118,Hoang Khoa Anh,1972-09-18,Nam,14000000,2019-07-23,2022-06-19,D088
E001119,Le Thu Van,1991-09-23,Nam,14000000,2017-03-14,2023-09-28,D088
E001120,Le Huu Anh,1998-02-10,Nu,14000000,2016-04-02,,D088
E001121,Vu Hai Anh,1978-11-05,Nam,17000000,2021-08-22,,D089
E001122,Bui Ngoc Van,1986-06-17,Nu,17000000,2017-12-13,,D089
E001123,Bui Huu Minh,1994-02-04,Nu,17000000,2015-03-22,,D089
E001124,Pham Hoai Van,1986-12-06,Nu,17000000,2019-02-18,,D089
E001125,Pham Thu Duc,1974-04-21,Nam,17000000,2019-07-17,,D089
E001126,Dang Thuy Duc,1991-11-04,Nam,17000000,2017-03-03,,D089
E001127,Hoang Hai Minh,1987-02-18,Nam,17000000,2018-02-10,,D089
E001128,Bui Ngoc Quang,1988-02-12,Nam,17000000,2017-05-20,,D089
E001129,Nguyen Dinh Minh,1998-08-19,Nam,17000000,2021-10-06,,D089
E001130,Tran Huu Duc,1971-07-06,Nu,17000000,2017-04-10,2018-09-28,D089
E001131,Bui Ngoc Linh,1982-02-21,Nam,17000000,2022-06-12,,D089
E001132,Bui Thu Anh,2000-04-19,Nu,17000000,2017-10-05,,D089
E001133,Tran Thuy Quang,1973-02-16,Nu,13000000,2017-02-04,2018-07-07,D090
E001134,Vu Thu Minh,1985-07-07,Nam,13000000,2021-03-23,2023-09-28,D090
E001135,Pham Huu Duc,1991-12-01,Nu,13000000,2019-01-27,2019-04-28,D090
E001136,Nguyen Hai Minh,1981-08-11,Nu,13000000,2016-01-13,,D090
E001137,Pham Dinh Duc,1994-02-28,Nam,13000000,2021-08-27,,D090
E001138,Nguyen Dinh Thi,1997-10-13,Nam,13000000,2021-05-01,,D090
E001139,Vu Huu Quang,1977-03-04,Nu,13000000,2015-07-16,,D090
E001140,Hoang Dinh Duc,1985-01-07,Nu,13000000,2019-06-23,,D090
E001141,Hoang Ngoc Anh,1972-09-11,Nam,13000000,2015-04-19,2019-08-16,D090
E001142,Bui Thu Thi,2000-06-26,Nam,13000000,2015-04-04,,D090
E001143,Le Thuy Quang,1970-09-17,Nam,18000000,2016-07-27,2017-03-20,D091
E001144,Hoang Hai Van,1993-07-03,Nu,18000000,2022-10-08,,D091
E001145,Hoang Hoai Anh,1982-06-22,Nu,18000000,2018-07-01,2018-07-02,D091
E001146,Le Dinh Anh,1995-12-15,Nam,18000000,2015-11-20,2023-01-03,D091
E001147,Hoang Khoa Anh,1997-08-09,Nam,18000000,2022-01-05,,D091
E001148,Dang Khoa Thanh,1984-11-08,Nam,18000000,2022-03-15,2022-04-24,D091
E001149,Nguyen Dinh Duc,1988-03-09,Nu,18000000,2020-08-27,,D091
E001150,Pham Thuy Quang,1989-07-20,Nu,18000000,2021-12-15,2021-12-16,D091
E001151,Pham Thu Minh,1983-01-08,Nam,18000000,2021-04-06,,D091
E001152,Bui Ngoc Anh,1972-06-16,Nu,18000000,2016-12-22,,D091
E001153,Le Khoa Thanh,1973-09-12,Nu,12000000,2016-04-13,,D092
E001154,Vu Ngoc Linh,1989-09-21,Nu,8000000,2020-03-13,,D093
E001155,Le Hai Thi,1994-04-16,Nam,8000000,2019-03-07,,D093
E001156,Vu Khoa Quang,1979-03-21,Nu,8000000,2018-08-19,2020-07-04,D093
E001157,Pham Huu Van,1982-02-13,Nu,8000000,2019-07-02,,D093
E001158,Vu Huu Quang,1992-10-05,Nam,8000000,2016-09-18,,D093
E001159,Dang Huu Linh,1987-03-15,Nu,8000000,2018-07-22,,D093
E001160,Bui Ngoc Duc,1990-02-27,Nu,8000000,2018-02-13,,D093
E001161,Vu Hai Linh,1986-08-23,Nam,8000000,2018-08-28,,D093
E001162,Le Huu Van,1988-09-27,Nu,8000000,2016-03-12,2022-01-26,D093
E001163,Bui Khoa Duc,1986-04-07,Nam,8000000,2020-08-16,2022-04-08,D093
E001164,Bui Hoai Quang,1979-05-14,Nu,8000000,2022-03-18,2023-01-07,D093
E001165,Tran Khoa Duc,1977-09-03,Nu,8000000,2022-01-27,,D093
E001166,Tran Ngoc Thi,1974-11-19,Nam,11000000,2016-04-17,,D094
E001167,Dang Hoai Linh,1976-08-23,Nu,11000000,2021-11-04,,D094
E001168,Tran Ngoc Van,1990-10-20,Nam,11000000,2021-12-12,,D094
E001169,Nguyen Hoai Anh,1995-04-18,Nam,11000000,2019-09-17,,D094
E001170,Nguyen Hoai Duc,1997-04-07,Nam,11000000,2022-07-04,,D094
E001171,Dang Ngoc Linh,1977-03-18,Nam,11000000,2016-03-26,,D094
E001172,Vu Ngoc Thanh,1980-12-13,Nu,11000000,2020-08-11,,D094
E001173,Bui Hoai Duc,1998-12-10,Nu,11000000,2021-01-12,2022-01-10,D094
E001174,Le Khoa Anh,1986-10-08,Nu,11000000,2020-04-11,,D094
E001175,Vu Thu Thi,1988-01-04,Nam,11000000,2019-10-19,,D094
E001176,Bui Ngoc Quang,2000-08-17,Nu,11000000,2019-09-21,2023-01-20,D094
E001177,Tran Hai Quang,1992-10-26,Nu,11000000,2018-05-22,2018-11-09,D094
E001178,Dang Dinh Minh,1983-10-03,Nu,11000000,2021-12-20,,D094
E001179,Vu Hai Minh,1994-06-22,Nu,11000000,2017-02-20,2020-04-04,D094
E001180,Vu Thu Duc,1992-03-08,Nam,14000000,2018-04-06,2020-05-06,D095
E001181,Vu Huu Van,1997-03-10,Nu,14000000,2016-02-14,,D095
E001182,Nguyen Huu Minh,1998-08-20,Nu,14000000,2016-12-17,2018-01-23,D095
E001183,Hoang Hai Thi,1999-06-15,Nu,14000000,2016-04-26,,D095
E001184,Le Thu Quang,1982-09-11,Nu,14000000,2020-10-06,2023-02-27,D095
E001185,Tran Huu Thanh,1994-04-09,Nu,14000000,2016-07-18,2021-11-05,D095
E001186,Nguyen Huu Duc,1998-01-23,Nu,14000000,2019-06-06,2020-08-24,D095
E001187,Nguyen Hai Thi,1971-08-19,Nu,14000000,2015-02-27,,D095
E001188,Bui Thu Anh,1971-10-02,Nam,14000000,2017-05-02,,D095
E001189,Vu Ngoc Anh,1986-07-06,Nam,14000000,2018-06-23,2020-11-11,D095
E001190,Dang Khoa Quang,1974-04-28,Nu,14000000,2015-08-02,2018-01-24,D095
E001191,Le Dinh Thi,1970-05-24,Nu,14000000,2021-10-21,,D095
E001192,Bui Hoai Duc,1989-02-08,Nu,14000000,2022-01-16,2022-02-02,D095
E001193,Pham Thu Thanh,1979-05-03,Nu,14000000,2022-08-05,2022-08-06,D095
E001194,Dang Khoa Thanh,1978-07-13,Nam,14000000,2021-05-08,,D095
E001195,Bui Thu Van,1978-08-18,Nu,14000000,2020-08-19,2021-09-05,D095
E001196,Nguyen Thuy Thanh,1975-11-06,Nu,14000000,2022-05-19,2022-09-23,D095
E001197,Tran Thu Linh,1995-05-04,Nam,14000000,2020-04-24,2023-09-06,D095
E001198,Tran Hoai Linh,1975-07-04,Nam,14000000,2020-09-03,2023-10-06,D095
E001199,Bui Hoai Duc,1994-03-21,Nam,14000000,2016-08-04,2021-03-13,D095
E001200,Nguyen Hai Thanh,1994-02-26,Nu,17000000,2017-02-05,,D096
E001201,Pham Thu Duc,1981-04-16,Nam,17000000,2022-11-19,2023-01-14,D096
E001202,Pham Thu Minh,1973-02-05,Nu,17000000,2015-11-18,,D096
E001203,Vu Huu Quang,1998-10-26,Nam,17000000,2015-02-08,2018-10-06,D096
E001204,Hoang Hai Duc,1978-06-27,Nam,17000000,2020-09-23,,D096
E001205,Hoang Huu Thi,1986-05-08,Nu,17000000,2020-02-06,2020-04-08,D096
E001206,Hoang Thu Linh,1992-05-26,Nu,17000000,2017-09-23,,D096
E001207,Vu Dinh Minh,2000-01-12,Nu,17000000,2015-02-25,2019-03-09,D096
E001208,Bui Khoa Duc,1979-07-19,Nam,17000000,2017-02-12,,D096
E001209,Dang Hoai Van,1985-12-11,Nu,17000000,2016-04-10,2017-08-27,D096
E001210,Bui Ngoc Thanh,2000-03-19,Nu,17000000,2016-01-21,2017-03-13,D096
E001211,Vu Hai Quang,1992-10-21,Nu,17000000,2020-03-08,,D096
E001212,Bui Thuy Anh,1998-08-20,Nam,17000000,2015-10-14,,D096
E001213,Tran Dinh Van,1979-11-08,Nu,17000000,2015-05-11,2018-10-22,D096
E001214,Hoang Thu Linh,1974-07-13,Nam,17000000,2022-06-01,,D096
E001215,Nguyen Thu Duc,1995-03-03,Nam,17000000,2019-02-24,2020-07-01,D096
E001216,Dang Hai Quang,1992-01-12,Nu,17000000,2021-04-27,2022-04-11,D096
E001217,Le Hoai Minh,1979-07-24,Nu,17000000,2021-06-19,2023-10-20,D096
E001218,Tran Hoai Van,1981-11-19,Nu,17000000,2016-09-28,,D096
E001219,Bui Dinh Duc,1983-03-14,Nam,17000000,2022-08-07,,D096
E001220,Nguyen Thu Duc,1979-02-23,Nu,13000000,2022-01-24,,D097
E001221,Nguyen Ngoc Thi,1981-03-09,Nu,13000000,2021-01-02,2021-06-13,D097
E001222,Dang Dinh Van,2000-01-22,Nam,13000000,2021-07-02,2022-01-18,D097
E001223,Bui Hai Linh,1976-07-05,Nam,13000000,2019-01-09,2020-08-03,D097
E001224,Pham Hoai Thanh,1994-10-20,Nam,13000000,2020-07-24,2020-07-25,D097
E001225,Bui Khoa Minh,1990-09-18,Nam,13000000,2018-12-10,,D097
E001226,Hoang Hoai Thanh,1990-11-23,Nam,13000000,2022-10-07,,D097
E001227,Hoang Thuy Anh,1994-09-11,Nu,13000000,2015-01-26,2018-03-24,D097
E001228,Vu Huu Linh,1982-05-17,Nu,13000000,2016-11-09,2020-05-19,D097
E001229,Bui Ngoc Minh,1973-08-08,Nu,13000000,2018-01-01,2021-04-09,D097
E001230,Pham Hoai Duc,1981-02-13,Nu,13000000,2016-07-11,2021-04-04,D097
E001231,Nguyen Khoa Thi,1979-03-20,Nu,18000000,2016-05-14,2020-02-19,D098
E001232,Pham Thu Duc,1983-12-14,Nam,18000000,2018-02-25,,D098
E001233,Le Thu Anh,1993-06-20,Nu,18000000,2020-11-25,2021-08-14,D098
E001234,Tran Dinh Quang,1970-11-20,Nam,18000000,2015-11-13,,D098
E001235,Hoang Hoai Thanh,1985-12-20,Nam,18000000,2020-07-28,,D098
E001236,Nguyen Ngoc Thanh,1981-09-06,Nam,18000000,2015-01-05,,D098
E001237,Bui Huu Thanh,1999-10-10,Nu,18000000,2017-07-03,2018-09-07,D098
E001238,Nguyen Huu Thanh,1998-06-15,Nam,18000000,2015-04-27,,D098
E001239,Hoang Dinh Linh,1999-02-21,Nam,18000000,2017-10-28,,D098
E001240,Pham Thu Anh,1984-01-08,Nu,18000000,2016-04-06,,D098
E001241,Dang Hai Duc,1977-03-12,Nam,18000000,2017-01-01,2019-05-09,D098
E001242,Tran Thu Anh,1999-10-19,Nam,18000000,2015-11-28,,D098
E001243,Nguyen Thuy Anh,1994-02-15,Nu,18000000,2022-03-13,,D098
E001244,Dang Ngoc Duc,1970-02-13,Nu,18000000,2016-06-26,2018-08-26,D098
E001245,Nguyen Dinh Minh,1989-07-16,Nam,18000000,2019-10-08,2020-03-15,D098
E001246,Bui Dinh Minh,1985-10-22,Nu,12000000,2020-10-07,,D099
E001247,Bui Thuy Minh,1980-08-01,Nu,8000000,2017-05-10,2019-10-22,D100
E001248,Tran Hai Duc,1979-12-06,Nam,8000000,2017-01-16,,D100
E001249,Tran Dinh Quang,1993-09-25,Nam,8000000,2020-09-04,2020-09-05,D100
E001250,Vu Ngoc Anh,1986-10-20,Nam,8000000,2019-06-04,,D100
E001251,Tran Hai Thanh,1972-11-14,Nam,8000000,2015-12-18,2018-05-01,D100
E001252,Hoang Thu Van,1996-01-17,Nu,8000000,2020-03-27,,D100
E001253,Le Hai Linh,1993-01-16,Nam,8000000,2022-01-11,2023-12-20,D100
E001254,Dang Huu Thi,1972-07-12,Nam,8000000,2015-11-21,2022-04-16,D100
E001255,Hoang Hai Quang,1994-09-14,Nam,8000000,2016-08-17,2021-08-01,D100
E001256,Dang Huu Van,1974-10-19,Nu,8000000,2019-02-02,2023-04-20,D100
E001257,Pham Hoai Van,1984-05-06,Nam,8000000,2016-09-09,2016-09-10,D100
E001258,Tran Hoai Van,1983-07-20,Nu,8000000,2018-05-09,,D100
E001259,Vu Thu Linh,1993-11-14,Nu,8000000,2016-01-13,,D100
E001260,Nguyen Khoa Linh,1987-03-27,Nu,8000000,2019-06-14,,D100
E001261,Nguyen Hai Quang,1977-03-18,Nam,8000000,2019-03-08,2022-02-19,D100
E001262,Bui Dinh Minh,1976-08-01,Nam,8000000,2020-12-18,,D100
E001263,Hoang Hai Van,1972-02-28,Nu,8000000,2016-06-04,2017-07-27,D100
E001264,Pham Thu Minh,1994-10-23,Nam,8000000,2021-08-22,,D100
E001265,Le Dinh Thi,1994-12-28,Nu,8000000,2020-12-07,2022-07-14,D100
E001266,Vu Thu Thanh,1972-10-10,Nu,11000000,2020-08-10,2020-08-11,D101
E001267,Vu Huu Linh,1995-06-04,Nam,11000000,2017-08-19,,D101
E001268,Pham Thuy Van,2000-11-12,Nu,11000000,2019-12-10,2020-08-11,D101
E001269,Vu Dinh Linh,1995-04-07,Nam,11000000,2016-06-11,,D101
E001270,Hoang Huu Duc,1983-04-05,Nu,11000000,2016-07-21,2021-04-01,D101
E001271,Nguyen Thu Minh,1989-01-28,Nu,11000000,2016-11-19,2019-04-17,D101
E001272,Le Huu Duc,1999-09-17,Nu,11000000,2020-06-16,,D101
E001273,Tran Thuy Thi,1998-11-24,Nu,11000000,2020-11-14,2022-04-18,D101
E001274,Vu Khoa Van,1993-03-13,Nu,11000000,2022-04-14,,D101
E001275,Dang Dinh Thanh,1982-10-28,Nam,11000000,2017-10-12,,D101
E001276,Le Hai Linh,1980-05-03,Nam,11000000,2015-12-18,,D101
E001277,Nguyen Hoai Linh,1992-09-14,Nu,11000000,2019-12-18,,D101
E001278,Bui Huu Duc,1993-09-18,Nu,14000000,2022-02-16,,D102
E001279,Pham Hai Anh,1987-03-01,Nu,14000000,2017-08-28,,D102
E001280,Bui Huu Duc,1984-08-09,Nam,14000000,2018-04-26,,D102
E001281,Nguyen Thuy Thi,1977-02-13,Nu,14000000,2022-05-05,2023-02-20,D102
E001282,Dang Thu Duc,1988-03-03,Nam,14000000,2019-05-05,2021-05-20,D102
E001283,Tran Hai Van,1979-08-22,Nu,14000000,2017-07-16,,D102
E001284,Pham Khoa Thanh,1980-01-15,Nam,14000000,2018-01-05,,D102
E001285,Pham Dinh Linh,1988-05-19,Nam,14000000,2019-07-25,,D102
E001286,Dang Hai Anh,1995-07-01,Nu,14000000,2020-07-11,,D102
E001287,Tran Thu Quang,2000-04-26,Nu,14000000,2016-12-21,2020-03-24,D102
E001288,Tran Thuy Thi,1978-04-26,Nam,14000000,2017-09-03,2023-01-24,D102
E001289,Dang Hai Duc,1999-06-05,Nam,14000000,2022-11-26,,D102
E001290,Hoang Thu Thanh,1994-11-09,Nam,14000000,2019-11-01,2022-03-18,D102
E001291,Hoang Thu Thi,1972-01-15,Nam,14000000,2016-09-18,2020-06-25,D102
E001292,Pham Thu Linh,1974-03-25,Nam,17000000,2015-10-09,2018-12-21,D103
E001293,Nguyen Hai Thanh,1995-07-22,Nu,17000000,2017-03-21,2023-10-16,D103
E001294,Dang Ngoc Minh,2000-10-25,Nu,17000000,2018-04-17,2018-06-13,D103
E001295,Dang Hoai Thi,1980-09-17,Nu,17000000,2016-07-07,,D103
E001296,Le Ngoc Thanh,1976-10-18,Nam,17000000,2020-06-08,,D103
E001297,Tran Dinh Minh,1979-04-08,Nam,17000000,2018-01-18,,D103
E001298,Vu Khoa Van,1982-03-01,Nu,17000000,2020-09-26,,D103
E001299,Tran Khoa Van,1994-10-06,Nu,17000000,2019-06-01,,D103
E001300,Vu Thuy Quang,1991-07-18,Nu,17000000,2015-04-10,2020-09-10,D103
E001301,Pham Thu Minh,1992-06-11,Nam,17000000,2018-06-28,,D103
E001302,Bui Hai Duc,1988-03-04,Nam,17000000,2015-04-22,2023-05-08,D103
E001303,Tran Dinh Anh,1976-05-10,Nam,13000000,2016-09-04,,D104
E001304,Pham Khoa Quang,1990-06-14,Nu,13000000,2016-08-09,2022-12-20,D104
E001305,Dang Thu Anh,1996-07-14,Nu,13000000,2017-04-05,,D104
E001306,Pham Khoa Quang,1973-01-08,Nu,13000000,2021-04-01,,D104
E001307,Tran Khoa Quang,1994-08-15,Nam,13000000,2019-10-21,2022-03-05,D104
E001308,Tran Thu Linh,1992-03-20,Nu,13000000,2019-06-03,2022-03-13,D104
E001309,Pham Khoa Linh,1999-09-28,Nam,13000000,2019-08-05,2019-08-06,D104
E001310,Bui Thuy Van,1973-11-04,Nam,13000000,2022-08-11,2022-10-06,D104
E001311,Le Khoa Minh,1994-10-01,Nam,13000000,2015-05-18,2017-06-01,D104
E001312,Vu Hai Van,1975-01-15,Nu,13000000,2017-05-06,2017-10-07,D104
E001313,Le Dinh Linh,1997-04-16,Nu,13000000,2019-09-16,,D104
E001314,Nguyen Hai Van,1997-05-02,Nu,13000000,2022-02-23,2023-05-15,D104
E001315,Tran Thuy Anh,1987-12-28,Nu,13000000,2021-03-09,2023-06-01,D104
E001316,Tran Huu Thi,1993-11-22,Nam,13000000,2016-03-14,2023-06-07,D104
E001317,Vu Huu Thi,1977-12-17,Nam,13000000,2016-09-26,2018-07-24,D104
E001318,Pham Hai Quang,1989-09-01,Nam,13000000,2021-08-12,,D104
E001319,Nguyen Khoa Thi,2000-06-26,Nam,13000000,2017-09-06,,D104
E001320,Vu Thu Van,1993-05-24,Nu,13000000,2017-04-12,,D104
E001321,Le Thuy Duc,1988-02-28,Nam,13000000,2016-02-22,2023-11-25,D104
E001322,Hoang Hoai Anh,1981-07-06,Nam,18000000,2020-05-01,,D105
E001323,Bui Thu Thanh,1989-10-02,Nu,18000000,2016-03-03,2023-07-02,D105
E001324,Hoang Dinh Thi,1996-02-19,Nam,18000000,2016-11-18,2018-01-21,D105
E001325,Dang Thu Linh,1994-04-06,Nu,18000000,2018-05-26,2021-05-28,D105
E001326,Vu Thuy Quang,1984-04-20,Nam,18000000,2022-11-07,,D105
E001327,Pham Thuy Anh,1978-09-11,Nam,18000000,2015-04-23,,D105
E001328,Tran Hai Duc,1993-01-02,Nam,18000000,2017-11-05,,D105
E001329,Pham Ngoc Anh,1996-12-28,Nu,18000000,2015-09-05,2023-04-23,D105
E001330,Le Ngoc Van,1973-06-28,Nu,18000000,2016-10-22,2022-01-14,D105
E001331,Dang Dinh Thanh,1970-09-24,Nu,18000000,2022-04-11,2022-08-25,D105
E001332,Vu Hai Thanh,1981-09-02,Nam,18000000,2018-09-08,2019-12-08,D105
E001333,Pham Ngoc Van,1987-04-05,Nu,18000000,2019-07-02,,D105
E001334,Dang Dinh Van,1993-04-14,Nu,18000000,2022-03-04,,D105
E001335,Tran Hoai Thi,2000-07-26,Nam,18000000,2015-09-06,,D105
E001336,Hoang Dinh Anh,1980-11-09,Nam,18000000,2018-12-04,2018-12-05,D105
