ORDER_ID,ORDER_DATE,BRANCH_ID,CUSTOMER_ID,ORDER_TYPE,ORDER_TIME
O0000001,2005-07-08,B001,081097C,Online,17:52:00
O0000002,1999-07-30,B001,072542C,Online,07:06:00
O0000003,2004-09-10,B001,098900C,Online,07:17:00
O0000004,2004-02-18,B001,042678C,Online,12:35:00
O0000005,1999-08-19,B001,060295C,Online,08:31:00
O0000006,2000-11-18,B001,047451C,Online,13:52:00
O0000007,2011-01-16,B001,087447C,Online,11:33:00
O0000008,2020-10-12,B001,085162C,Online,16:01:00
O0000009,2007-03-30,B001,031724C,Online,06:56:00
O0000010,2019-05-30,B001,090830C,Online,14:28:00
O0000011,2001-10-10,B001,008675C,Online,14:44:00
O0000012,2008-08-09,B001,089919C,Offline,15:46:00
O0000013,2001-07-23,B001,037886C,Offline,10:43:00
O0000014,2017-01-30,B001,008707C,Offline,11:45:00
O0000015,2009-05-24,B001,027780C,Offline,17:15:00
O0000016,2001-09-21,B001,047658C,Offline,14:03:00
O0000017,2013-10-29,B001,007005C,Offline,08:36:00
O0000018,2002-12-19,B001,070203C,Offline,09:51:00
O0000019,2011-04-20,B001,009864C,Offline,12:41:00
O0000020,2011-01-16,B001,059840C,Offline,14:05:00
O0000021,1998-02-19,B001,035717C,Offline,11:46:00
O0000022,2000-03-10,B001,082315C,Offline,13:23:00
O0000023,2013-05-14,B001,094690C,Offline,07:27:00
O0000024,2003-09-20,B001,033727C,Offline,16:06:00
O0000025,2011-10-06,B001,044142C,Offline,15:21:00
O0000026,2012-05-09,B001,029172C,Offline,12:34:00
O0000027,2005-02-28,B001,058115C,Offline,17:26:00
O0000028,2005-12-21,B001,022320C,Offline,17:25:00
O0000029,2022-02-09,B001,043591C,Offline,09:56:00
O0000030,2020-09-27,B001,004620C,Offline,15:19:00
O0000031,2017-05-16,B001,003595C,Offline,17:23:00
O0000032,2022-01-06,B001,048439C,Offline,14:23:00
O0000033,2019-05-20,B001,086812C,Offline,10:36:00
O0000034,2016-08-07,B001,093716C,Offline,17:01:00
O0000035,2014-06-12,B001,077033C,Offline,07:13:00
O0000036,2021-04-05,B001,024408C,Delivery,07:53:00
O0000037,2004-06-24,B001,067356C,Delivery,15:00:00
O0000038,2019-06-20,B001,058665C,Delivery,13:02:00
O0000039,2011-07-10,B001,060483C,Delivery,11:20:00
O0000040,2009-05-28,B001,025612C,Delivery,16:48:00
O0000041,2008-03-07,B001,002050C,Delivery,15:59:00
O0000042,2006-04-23,B001,092385C,Delivery,11:09:00
O0000043,2014-08-27,B001,084370C,Delivery,11:50:00
O0000044,2002-11-12,B001,001470C,Delivery,16:51:00
O0000045,2020-04-25,B001,043230C,Delivery,06:39:00
O0000046,2005-09-24,B001,072241C,Delivery,10:25:00
O0000047,2006-01-15,B001,094636C,Delivery,11:26:00
O0000048,2004-06-30,B001,007027C,Delivery,13:37:00
O0000049,1998-11-19,B001,011223C,Delivery,18:00:00
O0000050,2017-10-04,B001,073360C,Delivery,10:19:00
O0000051,2020-04-03,B001,021075C,Delivery,13:28:00
O0000052,2018-03-16,B001,079726C,Delivery,12:37:00
O0000053,2021-04-02,B001,022877C,Delivery,08:23:00
O0000054,2014-09-12,B001,081137C,Delivery,12:35:00
O0000055,2018-01-22,B001,093690C,Delivery,15:46:00
O0000056,2000-09-07,B001,013140C,Delivery,15:03:00
O0000057,2002-12-10,B001,070185C,Delivery,08:29:00
O0000058,2023-07-30,B001,000723C,Delivery,08:57:00
O0000059,2005-02-15,B001,037002C,Delivery,14:20:00
O0000060,2008-03-18,B001,082902C,Delivery,09:42:00
O0000061,2004-02-11,B001,028302C,Delivery,11:05:00
O0000062,2020-10-16,B001,008324C,Delivery,14:32:00
O0000063,2000-06-25,B001,044010C,Delivery,13:45:00
O0000064,2002-12-23,B001,096296C,Delivery,08:34:00
O0000065,2006-06-27,B001,046649C,Delivery,12:12:00
O0000066,2019-01-13,B001,052084C,Delivery,16:13:00
O0000067,2022-09-02,B001,024189C,Delivery,08:12:00
O0000068,2020-10-17,B001,014904C,Delivery,17:54:00
O0000069,2019-07-20,B001,048787C,Delivery,06:39:00
O0000070,1999-06-30,B001,015454C,Delivery,14:06:00
O0000071,2000-08-07,B001,028018C,Delivery,13:47:00
O0000072,2014-05-20,B001,055778C,Delivery,08:43:00
O0000073,2002-02-03,B001,049607C,Delivery,14:50:00
O0000074,2011-05-09,B001,091996C,Delivery,07:00:00
O0000075,2016-09-04,B001,054204C,Delivery,14:45:00
O0000076,2019-01-03,B001,012466C,Delivery,12:18:00
O0000077,2000-09-10,B001,090973C,Delivery,07:26:00
O0000078,2022-11-19,B001,090074C,Delivery,15:36:00
O0000079,2018-02-21,B001,036615C,Delivery,08:38:00
O0000080,2013-10-01,B001,009069C,Delivery,17:39:00
O0000081,2024-06-16,B001,046598C,Delivery,11:37:00
O0000082,2005-09-04,B001,059768C,Delivery,10:00:00
O0000083,2022-01-22,B001,061526C,Delivery,17:26:00
O0000084,2021-04-18,B001,024135C,Delivery,16:49:00
O0000085,2005-04-23,B001,006934C,Delivery,15:50:00
O0000086,1999-04-28,B001,042609C,Delivery,10:20:00
O0000087,1997-08-02,B001,072914C,Delivery,07:03:00
O0000088,2013-11-04,B001,080947C,Delivery,07:11:00
O0000089,2009-02-22,B001,020908C,Delivery,06:44:00
O0000090,2010-04-26,B001,064057C,Delivery,10:02:00
O0000091,2006-10-04,B001,060661C,Delivery,07:55:00
O0000092,2022-10-15,B001,065634C,Delivery,15:29:00
O0000093,2019-05-26,B001,039306C,Delivery,16:01:00
O0000094,2015-06-05,B001,020988C,Delivery,09:01:00
O0000095,2004-12-04,B001,046345C,Delivery,11:11:00
O0000096,2015-05-20,B001,026527C,Delivery,08:50:00
O0000097,2008-10-25,B001,039496C,Delivery,10:57:00
O0000098,2000-04-17,B001,071132C,Delivery,09:34:00
O0000099,2017-02-26,B001,097547C,Delivery,08:37:00
O0000100,2001-01-21,B001,087571C,Delivery,14:32:00
O0000101,2024-09-20,B001,004530C,Delivery,17:16:00
O0000102,2001-01-14,B001,088045C,Delivery,10:22:00
O0000103,2005-06-26,B001,032209C,Delivery,07:45:00
O0000104,2015-12-03,B001,061902C,Delivery,12:05:00
O0000105,2008-11-12,B002,088884C,Online,13:23:00
O0000106,1998-05-15,B002,045789C,Online,13:52:00
O0000107,2023-12-15,B002,055860C,Online,17:25:00
O0000108,2006-01-01,B002,024716C,Online,17:12:00
O0000109,1999-10-27,B002,064755C,Online,07:56:00
O0000110,2022-11-09,B002,020350C,Online,13:08:00
O0000111,1997-02-01,B002,034789C,Online,13:14:00
O0000112,2011-09-29,B002,037391C,Online,11:47:00
O0000113,2006-11-09,B002,040370C,Online,08:45:00
O0000114,2021-03-14,B002,059607C,Online,18:30:00
O0000115,2012-12-26,B002,056004C,Online,17:19:00
O0000116,2003-01-26,B002,078278C,Online,14:17:00
O0000117,2004-12-18,B002,048863C,Online,16:45:00
O0000118,2019-05-29,B002,084198C,Online,14:24:00
O0000119,2004-04-26,B002,055973C,Online,18:04:00
O0000120,2012-07-29,B002,053552C,Offline,15:06:00
O0000121,2013-06-14,B002,061558C,Offline,11:25:00
O0000122,2021-09-04,B002,025685C,Offline,16:24:00
O0000123,2012-03-27,B002,086978C,Offline,18:11:00
O0000124,2010-05-04,B002,020390C,Offline,17:59:00
O0000125,2010-12-07,B002,023158C,Offline,13:11:00
O0000126,2023-08-30,B002,011398C,Offline,17:56:00
O0000127,2011-12-14,B002,045790C,Offline,07:16:00
O0000128,2021-07-24,B002,056742C,Offline,15:41:00
O0000129,1998-05-16,B002,093256C,Offline,18:17:00
O0000130,2022-07-23,B002,042698C,Offline,17:41:00
O0000131,2008-06-23,B002,037182C,Offline,17:38:00
O0000132,2023-07-05,B002,076836C,Offline,15:55:00
O0000133,2010-03-03,B002,022897C,Offline,09:31:00
O0000134,2022-03-21,B002,077182C,Delivery,10:13:00
O0000135,2021-06-02,B002,031190C,Delivery,06:38:00
O0000136,2009-01-06,B002,041564C,Delivery,11:52:00
O0000137,2015-11-14,B002,067258C,Delivery,07:44:00
O0000138,2013-12-24,B002,065200C,Delivery,16:58:00
O0000139,2022-03-29,B002,065701C,Delivery,14:07:00
O0000140,2006-10-07,B002,036965C,Delivery,13:02:00
O0000141,2010-08-19,B002,049048C,Delivery,18:50:00
O0000142,2019-04-26,B002,099933C,Delivery,18:03:00
O0000143,1997-02-16,B002,056575C,Delivery,14:40:00
O0000144,2003-03-13,B002,064290C,Delivery,10:55:00
O0000145,1999-01-23,B002,026445C,Delivery,06:41:00
O0000146,2010-09-04,B002,096361C,Delivery,11:25:00
O0000147,2015-10-09,B002,020906C,Delivery,07:35:00
O0000148,2022-12-04,B002,076129C,Delivery,15:05:00
O0000149,2012-08-29,B002,083483C,Delivery,08:44:00
O0000150,2017-08-11,B002,065590C,Delivery,11:46:00
O0000151,2016-06-11,B002,029206C,Delivery,15:18:00
O0000152,2001-02-06,B002,087808C,Delivery,09:32:00
O0000153,2023-03-17,B002,022114C,Delivery,17:54:00
O0000154,1998-05-17,B002,059614C,Delivery,10:53:00
O0000155,2001-09-05,B002,035274C,Delivery,12:46:00
O0000156,2014-09-09,B002,061128C,Delivery,09:55:00
O0000157,2021-02-19,B002,055195C,Delivery,15:19:00
O0000158,2000-10-30,B002,074675C,Delivery,15:31:00
O0000159,2012-09-27,B002,078332C,Delivery,06:35:00
O0000160,2016-02-04,B002,031199C,Delivery,12:06:00
O0000161,2023-03-08,B002,013364C,Delivery,14:41:00
O0000162,2006-08-20,B002,068150C,Delivery,10:01:00
O0000163,2009-12-03,B002,048205C,Delivery,12:16:00
O0000164,2022-09-12,B002,004088C,Delivery,06:37:00
O0000165,2018-12-26,B002,094988C,Delivery,17:58:00
O0000166,2000-09-22,B002,016631C,Delivery,14:02:00
O0000167,2015-02-10,B002,008956C,Delivery,10:56:00
O0000168,2010-11-20,B002,057772C,Delivery,06:05:00
O0000169,2018-01-27,B002,084576C,Delivery,13:49:00
O0000170,2019-03-21,B002,064171C,Delivery,16:09:00
O0000171,2005-09-25,B002,070077C,Delivery,18:45:00
O0000172,2014-07-19,B002,079108C,Delivery,06:16:00
O0000173,2008-04-03,B002,078228C,Delivery,13:20:00
O0000174,2016-10-25,B002,014148C,Delivery,06:46:00
O0000175,2000-02-25,B002,059974C,Delivery,07:55:00
O0000176,2022-02-06,B002,000802C,Delivery,08:08:00
O0000177,2005-05-10,B002,069537C,Delivery,10:29:00
O0000178,2008-10-18,B002,055781C,Delivery,18:39:00
O0000179,1997-09-07,B002,035698C,Delivery,16:25:00
O0000180,2007-03-19,B002,059118C,Delivery,09:35:00
O0000181,2021-05-17,B002,026261C,Delivery,08:41:00
O0000182,2007-11-26,B002,031775C,Delivery,11:53:00
O0000183,2003-03-20,B002,059250C,Delivery,09:12:00
O0000184,2012-05-12,B002,098059C,Delivery,06:34:00
O0000185,1998-04-01,B002,027631C,Delivery,08:09:00
O0000186,2005-09-05,B002,012197C,Delivery,18:08:00
O0000187,2010-05-02,B002,031932C,Delivery,09:53:00
O0000188,1999-05-08,B002,091113C,Delivery,13:44:00
O0000189,2007-08-25,B002,082936C,Delivery,12:26:00
O0000190,2024-03-08,B002,025598C,Delivery,14:47:00
O0000191,2016-07-03,B002,087970C,Delivery,13:07:00
O0000192,2016-05-03,B002,021598C,Delivery,10:17:00
O0000193,2020-07-29,B002,091364C,Delivery,09:12:00
O0000194,2008-12-09,B002,048202C,Delivery,11:00:00
O0000195,2012-06-01,B002,089803C,Delivery,18:15:00
O0000196,2000-10-04,B002,073173C,Delivery,18:54:00
O0000197,2000-05-17,B002,068016C,Delivery,06:59:00
O0000198,2002-04-03,B002,029792C,Delivery,17:53:00
O0000199,2004-06-20,B002,002230C,Delivery,15:24:00
O0000200,1998-05-05,B002,001709C,Delivery,08:47:00
O0000201,2007-08-18,B002,043150C,Delivery,11:09:00
O0000202,2005-11-15,B002,025538C,Delivery,06:59:00
O0000203,2009-12-30,B002,068489C,Delivery,15:29:00
O0000204,1998-01-11,B002,032094C,Delivery,15:32:00
O0000205,2011-06-05,B002,038714C,Delivery,07:49:00
O0000206,2011-09-05,B002,036268C,Delivery,07:34:00
O0000207,2011-02-08,B002,073916C,Delivery,07:26:00
O0000208,1999-04-09,B002,014493C,Delivery,10:22:00
O0000209,2001-10-23,B002,064184C,Delivery,11:50:00
O0000210,2007-03-05,B002,042613C,Delivery,09:22:00
O0000211,2022-02-01,B002,098026C,Delivery,08:42:00
O0000212,2005-11-27,B002,004421C,Delivery,12:01:00
O0000213,2005-05-28,B002,068930C,Delivery,08:34:00
O0000214,2010-05-18,B002,007689C,Delivery,10:56:00
O0000215,2021-02-22,B002,046719C,Delivery,14:44:00
O0000216,2018-09-27,B002,018290C,Delivery,08:10:00
O0000217,2019-03-20,B002,024063C,Delivery,18:22:00
O0000218,2000-07-15,B002,067568C,Delivery,11:19:00
O0000219,1997-03-26,B002,007661C,Delivery,14:28:00
O0000220,2010-01-25,B003,001174C,Online,11:39:00
O0000221,2012-01-07,B003,033757C,Online,13:27:00
O0000222,2008-08-30,B003,066261C,Online,18:45:00
O0000223,2009-03-04,B003,063963C,Online,17:51:00
O0000224,2024-08-21,B003,098666C,Online,17:50:00
O0000225,2009-01-02,B003,000462C,Online,09:12:00
O0000226,2022-09-11,B003,065477C,Online,16:49:00
O0000227,2024-03-31,B003,068769C,Online,09:29:00
O0000228,2023-07-02,B003,060432C,Online,08:04:00
O0000229,2008-08-28,B003,024944C,Online,18:39:00
O0000230,2020-06-27,B003,032150C,Online,18:57:00
O0000231,2005-09-19,B003,098952C,Online,10:31:00
O0000232,1997-02-23,B003,083435C,Online,07:45:00
O0000233,2009-02-05,B003,035958C,Online,13:49:00
O0000234,2000-01-27,B003,057762C,Online,12:51:00
O0000235,2022-06-01,B003,082077C,Offline,10:17:00
O0000236,2020-06-17,B003,013626C,Offline,16:09:00
O0000237,2006-11-30,B003,015729C,Offline,20:02:00
O0000238,2003-06-27,B003,005439C,Offline,18:53:00
O0000239,2000-04-07,B003,018986C,Offline,11:57:00
O0000240,2012-10-16,B003,025214C,Offline,19:02:00
O0000241,1999-02-05,B003,019933C,Offline,18:38:00
O0000242,2022-11-11,B003,055546C,Offline,15:40:00
O0000243,2005-03-07,B003,046591C,Offline,13:52:00
O0000244,2011-02-03,B003,082282C,Offline,08:31:00
O0000245,2006-04-28,B003,051547C,Offline,16:29:00
O0000246,2001-06-27,B003,058668C,Offline,10:25:00
O0000247,1999-02-13,B003,034097C,Offline,15:41:00
O0000248,2008-06-05,B003,068260C,Offline,08:25:00
O0000249,2013-06-17,B003,031976C,Offline,12:08:00
O0000250,2006-06-17,B003,054152C,Offline,11:07:00
O0000251,2002-01-27,B003,041156C,Offline,20:04:00
O0000252,2012-03-26,B003,057865C,Offline,11:38:00
O0000253,2017-02-15,B003,021905C,Offline,16:01:00
O0000254,2009-07-20,B003,069835C,Offline,19:28:00
O0000255,2015-07-31,B003,063213C,Delivery,20:26:00
O0000256,2011-05-19,B003,067844C,Delivery,10:28:00
O0000257,2005-11-13,B003,068832C,Delivery,17:48:00
O0000258,1997-07-23,B003,041710C,Delivery,08:47:00
O0000259,2010-03-26,B003,050302C,Delivery,14:00:00
O0000260,2006-07-27,B003,002836C,Delivery,12:20:00
O0000261,2000-11-08,B003,056141C,Delivery,10:51:00
O0000262,1997-05-11,B003,015121C,Delivery,13:34:00
O0000263,2004-09-23,B003,073510C,Delivery,11:32:00
O0000264,1999-04-15,B003,098359C,Delivery,20:42:00
O0000265,2013-09-10,B003,087323C,Delivery,07:23:00
O0000266,2023-04-06,B003,084370C,Delivery,15:34:00
O0000267,1998-07-10,B003,000951C,Delivery,10:50:00
O0000268,2004-05-11,B003,025314C,Delivery,21:00:00
O0000269,2015-06-13,B003,082088C,Delivery,07:08:00
O0000270,2023-12-26,B003,024503C,Delivery,14:41:00
O0000271,2009-09-03,B003,028122C,Delivery,18:37:00
O0000272,2009-12-21,B003,009911C,Delivery,12:33:00
O0000273,2009-02-25,B003,057853C,Delivery,14:16:00
O0000274,2013-10-19,B003,074645C,Delivery,20:40:00
O0000275,2024-09-09,B003,058765C,Delivery,07:23:00
O0000276,2016-09-13,B003,019392C,Delivery,10:48:00
O0000277,2018-09-09,B003,029048C,Delivery,14:01:00
O0000278,1997-02-08,B003,021868C,Delivery,08:52:00
O0000279,2014-02-13,B003,046521C,Delivery,19:28:00
O0000280,2008-12-18,B003,028329C,Delivery,16:24:00
O0000281,2009-04-20,B003,070312C,Delivery,13:17:00
O0000282,2016-11-23,B003,065875C,Delivery,11:52:00
O0000283,2004-10-20,B003,015319C,Delivery,19:06:00
O0000284,2023-01-23,B003,084901C,Delivery,14:01:00
O0000285,2010-06-03,B003,045955C,Delivery,16:30:00
O0000286,2011-07-17,B003,079430C,Delivery,10:03:00
O0000287,1997-05-20,B003,078794C,Delivery,08:58:00
O0000288,2018-11-16,B003,092565C,Delivery,10:18:00
O0000289,2002-12-27,B003,098444C,Delivery,13:05:00
O0000290,1998-12-09,B003,053914C,Delivery,11:36:00
O0000291,2018-05-10,B003,016679C,Delivery,19:00:00
O0000292,1997-04-11,B003,050900C,Delivery,17:42:00
O0000293,2007-03-23,B003,068364C,Delivery,16:07:00
O0000294,2003-11-05,B003,006616C,Delivery,14:36:00
O0000295,2003-06-16,B003,085243C,Delivery,09:15:00
O0000296,2023-07-29,B003,085633C,Delivery,10:34:00
O0000297,2020-05-28,B003,006198C,Delivery,17:20:00
O0000298,2023-11-23,B003,074001C,Delivery,21:26:00
O0000299,2015-06-15,B003,030730C,Delivery,15:27:00
O0000300,2019-10-13,B003,006031C,Delivery,18:26:00
O0000301,2002-11-01,B003,058330C,Delivery,07:29:00
O0000302,2003-04-20,B003,014445C,Delivery,09:34:00
O0000303,2020-06-02,B003,078290C,Delivery,13:33:00
O0000304,2015-06-28,B003,080944C,Delivery,19:50:00
O0000305,2019-11-21,B003,061672C,Delivery,20:01:00
O0000306,2005-12-25,B003,055764C,Delivery,16:17:00
O0000307,1999-11-30,B003,029433C,Delivery,18:19:00
O0000308,2009-07-09,B003,087895C,Delivery,19:26:00
O0000309,1997-08-16,B003,006480C,Delivery,17:02:00
O0000310,2000-11-12,B003,076806C,Delivery,16:27:00
O0000311,2013-12-13,B004,094206C,Online,17:09:00
O0000312,2007-09-20,B004,041892C,Online,11:40:00
O0000313,1998-02-25,B004,038541C,Online,14:05:00
O0000314,2011-12-06,B004,026916C,Online,13:10:00
O0000315,1999-08-03,B004,034653C,Online,21:18:00
O0000316,1997-02-26,B004,002786C,Online,22:24:00
O0000317,2023-03-12,B004,010241C,Online,09:24:00
O0000318,2010-10-11,B004,055706C,Online,11:30:00
O0000319,2010-02-04,B004,003179C,Online,11:14:00
O0000320,2005-11-03,B004,022105C,Online,18:31:00
O0000321,2017-04-12,B004,018010C,Offline,12:47:00
O0000322,2021-03-24,B004,014903C,Offline,19:59:00
O0000323,2012-03-30,B004,095140C,Offline,12:51:00
O0000324,2004-04-12,B004,096087C,Offline,12:58:00
O0000325,2013-01-11,B004,047505C,Offline,10:49:00
O0000326,2024-07-28,B004,067609C,Offline,11:33:00
O0000327,2018-06-09,B004,056998C,Offline,14:43:00
O0000328,2016-09-21,B004,044967C,Offline,12:28:00
O0000329,2012-04-22,B004,052239C,Offline,18:44:00
O0000330,2000-11-21,B004,061767C,Offline,12:38:00
O0000331,2020-02-01,B004,012850C,Offline,14:24:00
O0000332,2014-10-12,B004,088675C,Offline,09:20:00
O0000333,2022-06-09,B004,039879C,Offline,10:30:00
O0000334,2007-07-22,B004,083511C,Offline,14:30:00
O0000335,2020-05-31,B004,096448C,Offline,16:18:00
O0000336,2022-12-22,B004,087653C,Offline,10:09:00
O0000337,2000-04-26,B004,023064C,Offline,11:43:00
O0000338,2023-07-29,B004,073582C,Offline,13:01:00
O0000339,2006-06-12,B004,043302C,Offline,20:06:00
O0000340,2010-03-26,B004,068898C,Offline,19:07:00
O0000341,2006-12-30,B004,096551C,Offline,18:12:00
O0000342,2009-04-06,B004,036895C,Offline,19:38:00
O0000343,2017-05-12,B004,084391C,Offline,18:06:00
O0000344,2011-07-07,B004,054669C,Offline,18:57:00
O0000345,1998-07-31,B004,095040C,Delivery,20:14:00
O0000346,2012-12-16,B004,001551C,Delivery,18:49:00
O0000347,2005-03-03,B004,004226C,Delivery,18:51:00
O0000348,2014-06-11,B004,020191C,Delivery,10:53:00
O0000349,2004-11-05,B004,095764C,Delivery,11:37:00
O0000350,2007-06-08,B004,030161C,Delivery,17:19:00
O0000351,2007-05-18,B004,094487C,Delivery,16:41:00
O0000352,2010-04-11,B004,047272C,Delivery,16:08:00
O0000353,2010-09-30,B004,041573C,Delivery,20:21:00
O0000354,2021-10-22,B004,040518C,Delivery,09:59:00
O0000355,2004-02-01,B004,030496C,Delivery,18:02:00
O0000356,2019-09-22,B004,079489C,Delivery,18:07:00
O0000357,2024-12-04,B004,092220C,Delivery,11:28:00
O0000358,2004-07-15,B004,053877C,Delivery,12:57:00
O0000359,2020-05-22,B004,054411C,Delivery,16:36:00
O0000360,2012-05-28,B004,040592C,Delivery,16:27:00
O0000361,1998-10-06,B004,048850C,Delivery,15:26:00
O0000362,2018-07-13,B004,093666C,Delivery,21:22:00
O0000363,2010-02-09,B004,080533C,Delivery,14:23:00
O0000364,2001-05-14,B004,008753C,Delivery,21:32:00
O0000365,1999-10-21,B004,025124C,Delivery,16:00:00
O0000366,2003-01-17,B004,092015C,Delivery,20:58:00
O0000367,2015-08-04,B004,096332C,Delivery,18:33:00
O0000368,2019-04-07,B004,070596C,Delivery,12:38:00
O0000369,2005-04-09,B004,013065C,Delivery,13:28:00
O0000370,2007-11-10,B004,059829C,Delivery,09:46:00
O0000371,2020-06-26,B004,074096C,Delivery,09:01:00
O0000372,2009-05-26,B004,041201C,Delivery,13:39:00
O0000373,2015-10-29,B004,004103C,Delivery,12:08:00
O0000374,2008-01-08,B004,030113C,Delivery,14:39:00
O0000375,2003-02-16,B004,042792C,Delivery,17:25:00
O0000376,2017-07-01,B004,038621C,Delivery,11:56:00
O0000377,2005-06-22,B004,012274C,Delivery,16:43:00
O0000378,2015-08-17,B004,048117C,Delivery,09:57:00
O0000379,2002-07-24,B004,011790C,Delivery,16:49:00
O0000380,1998-07-30,B004,056637C,Delivery,12:45:00
O0000381,2000-08-06,B004,085989C,Delivery,16:50:00
O0000382,2001-09-16,B004,002812C,Delivery,14:18:00
O0000383,2000-08-19,B004,075960C,Delivery,17:04:00
O0000384,2021-07-17,B004,049672C,Delivery,15:35:00
O0000385,2014-06-26,B004,061776C,Delivery,21:11:00
O0000386,2003-02-08,B004,020473C,Delivery,22:14:00
O0000387,2015-10-27,B004,063023C,Delivery,20:27:00
O0000388,2010-02-06,B004,029845C,Delivery,15:04:00
O0000389,2023-04-11,B004,039754C,Delivery,18:59:00
O0000390,2015-03-21,B004,013872C,Delivery,11:16:00
O0000391,2007-09-21,B004,003379C,Delivery,16:53:00
O0000392,2009-01-08,B004,001592C,Delivery,17:55:00
O0000393,2023-05-14,B004,026810C,Delivery,14:28:00
O0000394,2022-07-18,B004,015563C,Delivery,11:53:00
O0000395,2009-06-10,B004,037488C,Delivery,16:07:00
O0000396,2009-08-18,B004,036765C,Delivery,14:15:00
O0000397,2008-03-25,B004,024156C,Delivery,19:00:00
O0000398,2019-01-31,B004,035197C,Delivery,15:36:00
O0000399,2010-08-30,B004,089686C,Delivery,20:23:00
O0000400,2024-07-30,B004,051888C,Delivery,22:27:00
O0000401,2002-06-30,B004,099327C,Delivery,16:09:00
O0000402,2004-08-12,B004,057640C,Delivery,09:52:00
O0000403,2006-10-24,B004,019101C,Delivery,21:26:00
O0000404,1999-01-01,B004,024964C,Delivery,18:12:00
O0000405,2005-10-01,B004,085008C,Delivery,21:26:00
O0000406,2013-02-09,B004,012250C,Delivery,17:38:00
O0000407,2004-05-02,B004,034660C,Delivery,22:00:00
O0000408,2018-04-12,B004,050253C,Delivery,18:07:00
O0000409,2004-12-25,B004,011955C,Delivery,08:51:00
O0000410,2003-09-07,B004,092452C,Delivery,13:32:00
O0000411,2004-03-29,B004,037287C,Delivery,11:33:00
O0000412,2001-04-17,B004,019358C,Delivery,20:55:00
O0000413,2001-05-25,B004,095337C,Delivery,12:02:00
O0000414,2013-05-12,B004,056836C,Delivery,09:48:00
O0000415,2020-08-06,B004,091905C,Delivery,20:08:00
O0000416,2009-12-31,B004,019316C,Delivery,18:00:00
O0000417,2009-09-25,B004,040417C,Delivery,16:39:00
O0000418,2000-06-20,B004,010612C,Delivery,21:36:00
O0000419,2004-01-22,B004,046659C,Delivery,14:42:00
O0000420,1999-01-30,B004,034053C,Delivery,10:08:00
O0000421,2008-11-02,B004,004086C,Delivery,11:42:00
O0000422,2017-08-02,B004,092025C,Delivery,09:54:00
O0000423,2004-05-18,B004,018229C,Delivery,19:20:00
O0000424,2018-06-29,B005,074873C,Online,21:08:00
O0000425,2009-11-09,B005,070319C,Online,16:03:00
O0000426,2021-10-14,B005,083713C,Online,12:31:00
O0000427,2002-09-20,B005,072360C,Online,12:20:00
O0000428,2013-08-28,B005,078034C,Online,09:44:00
O0000429,2021-05-15,B005,017162C,Online,09:13:00
O0000430,2011-07-16,B005,083878C,Online,15:17:00
O0000431,2007-05-29,B005,002758C,Offline,17:17:00
O0000432,1998-04-08,B005,077457C,Offline,12:06:00
O0000433,2019-08-06,B005,044356C,Offline,13:50:00
O0000434,2021-05-26,B005,029426C,Offline,19:42:00
O0000435,2015-10-16,B005,052543C,Offline,16:54:00
O0000436,2008-07-06,B005,058959C,Offline,17:19:00
O0000437,2009-03-13,B005,029175C,Offline,15:47:00
O0000438,2008-06-12,B005,079411C,Offline,17:23:00
O0000439,2016-08-25,B005,067193C,Offline,21:13:00
O0000440,1998-07-12,B005,083870C,Offline,08:44:00
O0000441,2017-04-18,B005,092704C,Offline,14:33:00
O0000442,2015-11-23,B005,035085C,Offline,15:34:00
O0000443,2006-10-01,B005,081642C,Offline,09:13:00
O0000444,2000-10-27,B005,038471C,Offline,09:16:00
O0000445,2014-06-27,B005,016414C,Offline,15:49:00
O0000446,2015-09-06,B005,098540C,Offline,19:45:00
O0000447,2006-04-01,B005,037145C,Offline,11:17:00
O0000448,2012-09-02,B005,003978C,Offline,10:28:00
O0000449,2007-06-08,B005,004103C,Offline,15:27:00
O0000450,2000-09-24,B005,046486C,Delivery,20:00:00
O0000451,1999-10-27,B005,066297C,Delivery,11:22:00
O0000452,2001-05-23,B005,003711C,Delivery,13:10:00
O0000453,2022-06-18,B005,005581C,Delivery,15:18:00
O0000454,2002-08-09,B005,054422C,Delivery,08:19:00
O0000455,2001-07-09,B005,074341C,Delivery,18:16:00
O0000456,2007-06-25,B005,080108C,Delivery,15:33:00
O0000457,1997-08-10,B005,072910C,Delivery,13:03:00
O0000458,2024-09-08,B005,092664C,Delivery,09:42:00
O0000459,2000-12-10,B005,057073C,Delivery,11:08:00
O0000460,2008-06-19,B005,095093C,Delivery,17:19:00
O0000461,2017-03-16,B005,001317C,Delivery,19:17:00
O0000462,1998-04-05,B005,042227C,Delivery,20:46:00
O0000463,2024-04-23,B005,094108C,Delivery,12:03:00
O0000464,2008-09-05,B005,022138C,Delivery,09:35:00
O0000465,2010-02-23,B005,011530C,Delivery,18:07:00
O0000466,2010-11-04,B005,028260C,Delivery,19:17:00
O0000467,2021-12-29,B005,080539C,Delivery,14:18:00
O0000468,2000-12-21,B005,063282C,Delivery,13:23:00
O0000469,2014-03-13,B005,038167C,Delivery,12:47:00
O0000470,2020-09-21,B005,084364C,Delivery,17:49:00
O0000471,1997-12-20,B005,028217C,Delivery,18:44:00
O0000472,2009-11-29,B005,055240C,Delivery,19:14:00
O0000473,2015-03-31,B005,078431C,Delivery,15:35:00
O0000474,2010-11-24,B005,012230C,Delivery,13:37:00
O0000475,2000-01-31,B005,079834C,Delivery,15:08:00
O0000476,2003-06-21,B005,004985C,Delivery,08:47:00
O0000477,2010-04-08,B005,021958C,Delivery,18:15:00
O0000478,2001-01-06,B005,022159C,Delivery,18:19:00
O0000479,2020-11-18,B005,092072C,Delivery,08:28:00
O0000480,2004-07-20,B005,089422C,Delivery,15:06:00
O0000481,2001-04-22,B005,016535C,Delivery,18:57:00
O0000482,1998-01-23,B005,068132C,Delivery,19:37:00
O0000483,2003-03-18,B005,090541C,Delivery,20:18:00
O0000484,2005-10-27,B005,050863C,Delivery,17:54:00
O0000485,2022-03-02,B005,082290C,Delivery,19:46:00
O0000486,2006-10-23,B005,081023C,Delivery,19:46:00
O0000487,2003-06-29,B005,081167C,Delivery,13:19:00
O0000488,2009-04-01,B005,009940C,Delivery,20:05:00
O0000489,2005-12-17,B005,041218C,Delivery,16:12:00
O0000490,2010-12-08,B005,020608C,Delivery,08:54:00
O0000491,2009-11-16,B005,016063C,Delivery,13:57:00
O0000492,2024-02-02,B005,099258C,Delivery,11:39:00
O0000493,2001-04-26,B005,026546C,Delivery,14:51:00
O0000494,2005-12-02,B005,062677C,Delivery,14:27:00
O0000495,2012-02-14,B005,073830C,Delivery,15:36:00
O0000496,2000-10-15,B005,008254C,Delivery,20:32:00
O0000497,2000-04-16,B005,077444C,Delivery,18:07:00
O0000498,2020-10-09,B005,030820C,Delivery,09:00:00
O0000499,2018-06-21,B005,061571C,Delivery,13:16:00
O0000500,2005-03-25,B005,056144C,Delivery,08:23:00
O0000501,1999-04-05,B005,031125C,Delivery,14:03:00
O0000502,2019-09-11,B005,084411C,Delivery,12:26:00
O0000503,2004-02-28,B005,004969C,Delivery,10:18:00
O0000504,2008-01-14,B005,009776C,Delivery,14:11:00
O0000505,2015-01-14,B005,049441C,Delivery,19:13:00
O0000506,2005-10-04,B005,020347C,Delivery,10:08:00
O0000507,1997-11-21,B005,070504C,Delivery,16:07:00
O0000508,2005-03-08,B005,013260C,Delivery,09:50:00
O0000509,2013-03-03,B005,043978C,Delivery,10:30:00
O0000510,2023-07-11,B005,056735C,Delivery,21:23:00
O0000511,2005-12-18,B005,002294C,Delivery,21:44:00
O0000512,2000-08-26,B005,062787C,Delivery,16:24:00
O0000513,2016-04-27,B005,081601C,Delivery,21:01:00
O0000514,1998-01-29,B005,090362C,Delivery,18:10:00
O0000515,2012-02-17,B005,012122C,Delivery,17:53:00
O0000516,2017-03-05,B005,026947C,Delivery,17:39:00
O0000517,2013-08-05,B005,037055C,Delivery,09:12:00
O0000518,2011-10-06,B005,029165C,Delivery,15:48:00
O0000519,2003-10-06,B005,033107C,Delivery,11:36:00
O0000520,2015-05-14,B005,016612C,Delivery,13:11:00
O0000521,1997-07-13,B005,062059C,Delivery,12:36:00
O0000522,2011-09-23,B005,020139C,Delivery,11:06:00
O0000523,1997-04-10,B005,019605C,Delivery,14:55:00
O0000524,2018-04-09,B005,012075C,Delivery,13:14:00
O0000525,2024-11-29,B005,004993C,Delivery,20:03:00
O0000526,1997-06-09,B005,010149C,Delivery,12:12:00
O0000527,2016-11-05,B005,084842C,Delivery,13:46:00
O0000528,1997-06-17,B005,077310C,Delivery,14:34:00
O0000529,2011-03-31,B005,055402C,Delivery,11:59:00
O0000530,2022-06-03,B005,016484C,Delivery,16:09:00
O0000531,2000-10-01,B005,076371C,Delivery,13:01:00
O0000532,2007-09-24,B005,091861C,Delivery,12:15:00
O0000533,1997-10-26,B005,008747C,Delivery,14:36:00
O0000534,2023-11-22,B006,039242C,Online,18:01:00
O0000535,2008-08-18,B006,092424C,Online,09:37:00
O0000536,2014-08-28,B006,014553C,Online,08:02:00
O0000537,2013-08-13,B006,019586C,Online,13:53:00
O0000538,2021-07-06,B006,020886C,Online,09:42:00
O0000539,2023-06-11,B006,020359C,Online,15:59:00
O0000540,1998-03-10,B006,039665C,Online,17:43:00
O0000541,2023-02-06,B006,023355C,Online,22:07:00
O0000542,2007-02-09,B006,084568C,Online,13:07:00
O0000543,2001-10-17,B006,055400C,Online,11:09:00
O0000544,2002-11-01,B006,069707C,Online,10:02:00
O0000545,2021-11-07,B006,006297C,Online,12:09:00
O0000546,2000-01-26,B006,099233C,Online,08:54:00
O0000547,2022-04-05,B006,093161C,Offline,11:21:00
O0000548,2011-01-16,B006,014876C,Offline,14:16:00
O0000549,2010-06-14,B006,074832C,Offline,09:34:00
O0000550,2023-05-25,B006,009504C,Offline,11:58:00
O0000551,2019-02-02,B006,092933C,Offline,19:56:00
O0000552,1998-01-31,B006,038775C,Offline,15:27:00
O0000553,2005-08-10,B006,037882C,Offline,21:34:00
O0000554,2017-10-11,B006,095403C,Offline,08:49:00
O0000555,1999-11-02,B006,009213C,Offline,15:59:00
O0000556,2017-05-30,B006,054687C,Offline,11:44:00
O0000557,2015-11-15,B006,064452C,Offline,20:58:00
O0000558,1997-09-12,B006,022236C,Offline,16:10:00
O0000559,2009-10-14,B006,092480C,Offline,16:49:00
O0000560,2021-12-17,B006,009681C,Offline,19:56:00
O0000561,2021-01-02,B006,040907C,Offline,19:08:00
O0000562,2011-12-16,B006,080335C,Offline,14:14:00
O0000563,2019-12-21,B006,018201C,Offline,22:19:00
O0000564,2014-08-06,B006,076386C,Offline,10:59:00
O0000565,2013-04-30,B006,030564C,Offline,08:59:00
O0000566,2013-07-10,B006,017692C,Offline,10:14:00
O0000567,2023-08-07,B006,038266C,Offline,14:48:00
O0000568,2017-12-16,B006,034536C,Offline,09:05:00
O0000569,2013-04-04,B006,053710C,Offline,10:37:00
O0000570,2012-05-23,B006,040009C,Delivery,12:00:00
O0000571,2009-11-20,B006,084178C,Delivery,19:19:00
O0000572,2009-08-27,B006,077640C,Delivery,15:13:00
O0000573,2002-01-10,B006,026211C,Delivery,19:41:00
O0000574,2020-04-13,B006,037256C,Delivery,15:01:00
O0000575,2017-01-10,B006,014947C,Delivery,12:53:00
O0000576,2020-10-20,B006,000693C,Delivery,09:20:00
O0000577,2022-04-09,B006,061727C,Delivery,08:28:00
O0000578,2024-05-27,B006,016840C,Delivery,12:16:00
O0000579,2024-02-06,B006,037874C,Delivery,17:15:00
O0000580,2020-06-17,B006,047923C,Delivery,08:08:00
O0000581,2004-03-08,B006,022892C,Delivery,13:18:00
O0000582,2024-08-05,B006,022591C,Delivery,20:48:00
O0000583,2018-12-22,B006,064961C,Delivery,08:06:00
O0000584,2006-10-16,B006,044253C,Delivery,20:14:00
O0000585,2018-03-05,B006,000053C,Delivery,15:17:00
O0000586,2019-01-17,B006,026792C,Delivery,12:10:00
O0000587,2003-02-05,B006,084451C,Delivery,14:15:00
O0000588,2006-09-04,B006,014583C,Delivery,20:24:00
O0000589,2013-12-03,B006,042941C,Delivery,15:55:00
O0000590,2024-06-04,B006,035132C,Delivery,14:08:00
O0000591,2023-04-25,B006,053388C,Delivery,17:24:00
O0000592,1997-05-08,B006,001717C,Delivery,13:39:00
O0000593,2020-06-17,B006,052472C,Delivery,13:15:00
O0000594,2022-08-24,B006,097920C,Delivery,08:36:00
O0000595,2021-12-04,B006,064374C,Delivery,19:23:00
O0000596,2015-05-08,B006,090067C,Delivery,20:06:00
O0000597,2022-12-15,B006,022834C,Delivery,20:36:00
O0000598,2024-08-27,B006,063530C,Delivery,21:15:00
O0000599,2012-05-09,B006,013690C,Delivery,21:14:00
O0000600,2020-06-26,B006,049948C,Delivery,19:49:00
O0000601,2024-02-15,B006,023621C,Delivery,08:51:00
O0000602,1999-11-01,B006,089752C,Delivery,17:25:00
O0000603,2023-08-05,B006,097947C,Delivery,14:07:00
O0000604,2021-09-24,B006,007714C,Delivery,12:19:00
O0000605,2005-03-26,B006,002135C,Delivery,16:54:00
O0000606,2020-10-10,B006,028815C,Delivery,11:14:00
O0000607,2024-01-13,B006,027314C,Delivery,10:44:00
O0000608,2011-06-14,B006,007625C,Delivery,15:03:00
O0000609,2011-12-12,B006,072104C,Delivery,13:36:00
O0000610,2021-02-01,B006,095495C,Delivery,18:57:00
O0000611,2007-01-13,B006,024276C,Delivery,11:50:00
O0000612,2022-05-28,B006,070257C,Delivery,11:36:00
O0000613,2020-07-03,B006,020231C,Delivery,19:02:00
O0000614,2020-03-15,B006,032484C,Delivery,16:22:00
O0000615,2015-01-02,B006,017366C,Delivery,22:24:00
O0000616,2009-09-20,B006,009038C,Delivery,16:31:00
O0000617,2023-06-20,B006,012464C,Delivery,11:19:00
O0000618,2022-06-15,B006,011989C,Delivery,08:48:00
O0000619,2023-02-08,B006,088647C,Delivery,16:42:00
O0000620,2023-12-16,B006,030548C,Delivery,12:26:00
O0000621,2011-02-13,B006,080962C,Delivery,10:15:00
O0000622,2004-11-21,B006,013301C,Delivery,11:16:00
O0000623,2019-06-10,B006,060645C,Delivery,18:11:00
O0000624,2022-05-28,B006,015793C,Delivery,13:42:00
O0000625,2007-03-25,B006,029344C,Delivery,13:02:00
O0000626,2006-01-22,B006,032661C,Delivery,12:13:00
O0000627,2024-02-03,B006,097982C,Delivery,22:19:00
O0000628,2011-01-27,B006,068993C,Delivery,19:03:00
O0000629,2010-06-26,B006,054117C,Delivery,16:47:00
O0000630,2016-02-14,B006,099784C,Delivery,22:16:00
O0000631,2005-12-12,B006,038973C,Delivery,09:37:00
O0000632,2003-06-21,B006,013956C,Delivery,13:39:00
O0000633,2007-06-27,B006,054578C,Delivery,19:15:00
O0000634,2001-10-24,B006,057706C,Delivery,17:49:00
O0000635,2011-11-16,B006,053405C,Delivery,20:59:00
O0000636,2021-10-03,B006,043852C,Delivery,12:19:00
O0000637,2023-03-24,B006,072502C,Delivery,18:29:00
O0000638,2021-10-01,B006,031778C,Delivery,20:50:00
O0000639,2013-10-09,B006,048258C,Delivery,22:27:00
O0000640,2023-06-18,B006,016906C,Delivery,09:16:00
O0000641,2016-10-05,B006,026965C,Delivery,18:45:00
O0000642,2006-04-24,B006,087576C,Delivery,15:04:00
O0000643,2013-02-05,B006,048004C,Delivery,15:22:00
O0000644,2018-06-05,B006,047937C,Delivery,12:03:00
O0000645,1998-07-15,B006,058401C,Delivery,19:27:00
O0000646,1999-01-29,B006,013138C,Delivery,11:19:00
O0000647,2006-02-12,B006,009090C,Delivery,09:45:00
O0000648,2017-06-08,B006,053493C,Delivery,15:07:00
O0000649,2004-01-29,B006,058832C,Delivery,08:15:00
O0000650,2016-12-21,B006,062808C,Delivery,18:22:00
O0000651,2004-06-16,B006,039162C,Delivery,08:58:00
O0000652,2012-04-06,B006,044666C,Delivery,15:15:00
O0000653,2000-04-18,B006,055800C,Delivery,18:10:00
O0000654,2013-10-04,B006,027254C,Delivery,16:24:00
O0000655,2023-01-05,B006,034419C,Delivery,17:36:00
O0000656,2015-02-18,B006,043661C,Delivery,15:08:00
O0000657,2013-05-31,B006,044867C,Delivery,15:15:00
O0000658,2008-11-25,B006,005817C,Delivery,14:35:00
O0000659,2007-08-19,B006,058310C,Delivery,20:40:00
O0000660,2014-11-03,B007,031630C,Online,21:09:00
O0000661,2021-04-26,B007,044672C,Online,16:05:00
O0000662,2020-09-19,B007,064670C,Online,13:03:00
O0000663,2024-05-15,B007,089852C,Online,16:35:00
O0000664,2019-08-30,B007,072101C,Online,11:12:00
O0000665,1997-02-17,B007,021811C,Online,19:47:00
O0000666,2002-02-25,B007,091906C,Online,17:48:00
O0000667,2013-12-26,B007,079111C,Online,15:41:00
O0000668,2001-07-23,B007,045817C,Online,10:18:00
O0000669,2010-03-25,B007,031285C,Offline,09:05:00
O0000670,2012-05-28,B007,056256C,Offline,08:59:00
O0000671,2012-02-28,B007,027638C,Offline,10:42:00
O0000672,2017-12-25,B007,070076C,Offline,17:56:00
O0000673,2013-05-20,B007,024909C,Offline,20:32:00
O0000674,2020-12-23,B007,006331C,Offline,17:03:00
O0000675,2004-11-09,B007,097936C,Offline,08:35:00
O0000676,2020-06-07,B007,041458C,Offline,09:19:00
O0000677,2008-08-04,B007,050428C,Offline,13:28:00
O0000678,2006-12-12,B007,092297C,Offline,15:07:00
O0000679,2003-11-22,B007,015298C,Offline,17:59:00
O0000680,2019-08-28,B007,040001C,Offline,10:35:00
O0000681,1999-07-25,B007,029975C,Offline,19:48:00
O0000682,2001-04-07,B007,032953C,Offline,11:35:00
O0000683,2013-07-21,B007,075944C,Offline,20:51:00
O0000684,2007-05-22,B007,072627C,Offline,21:36:00
O0000685,2021-06-30,B007,034255C,Offline,15:05:00
O0000686,2019-07-02,B007,080866C,Offline,09:57:00
O0000687,2015-01-11,B007,036308C,Offline,17:22:00
O0000688,2017-08-24,B007,031916C,Offline,08:14:00
O0000689,2009-04-20,B007,097251C,Offline,21:03:00
O0000690,2018-06-30,B007,007848C,Offline,20:08:00
O0000691,2021-07-20,B007,093866C,Offline,12:33:00
O0000692,2015-04-08,B007,012376C,Offline,10:46:00
O0000693,2001-10-03,B007,084526C,Offline,11:35:00
O0000694,2007-12-24,B007,044565C,Offline,08:56:00
O0000695,2023-09-23,B007,098713C,Offline,10:10:00
O0000696,2014-04-10,B007,021363C,Delivery,09:53:00
O0000697,2012-05-01,B007,082732C,Delivery,10:49:00
O0000698,2006-02-15,B007,002748C,Delivery,10:17:00
O0000699,2005-01-02,B007,094200C,Delivery,14:44:00
O0000700,1999-10-21,B007,076009C,Delivery,15:50:00
O0000701,2022-01-01,B007,093546C,Delivery,12:35:00
O0000702,2024-07-23,B007,043611C,Delivery,08:24:00
O0000703,2008-09-15,B007,092043C,Delivery,18:12:00
O0000704,2019-09-02,B007,015480C,Delivery,11:21:00
O0000705,2014-09-27,B007,069943C,Delivery,17:23:00
O0000706,2017-10-03,B007,071695C,Delivery,20:45:00
O0000707,2010-01-11,B007,073669C,Delivery,21:11:00
O0000708,2006-07-03,B007,064609C,Delivery,13:13:00
O0000709,2020-12-11,B007,019569C,Delivery,21:17:00
O0000710,2005-07-14,B007,075282C,Delivery,08:04:00
O0000711,2005-10-18,B007,083904C,Delivery,20:00:00
O0000712,2006-09-01,B007,029384C,Delivery,13:04:00
O0000713,2011-09-09,B007,003158C,Delivery,12:06:00
O0000714,2001-09-05,B007,081157C,Delivery,14:33:00
O0000715,2010-10-24,B007,001656C,Delivery,19:34:00
O0000716,2007-02-11,B007,001688C,Delivery,09:20:00
O0000717,2003-03-31,B007,027846C,Delivery,20:47:00
O0000718,2016-11-06,B007,057944C,Delivery,08:51:00
O0000719,2000-11-15,B007,065317C,Delivery,16:43:00
O0000720,2008-12-23,B007,008137C,Delivery,13:08:00
O0000721,2004-08-10,B007,064784C,Delivery,14:41:00
O0000722,2006-04-04,B007,001868C,Delivery,20:31:00
O0000723,2006-08-13,B007,037489C,Delivery,10:51:00
O0000724,2016-01-31,B007,019205C,Delivery,20:29:00
O0000725,2020-06-25,B007,007166C,Delivery,10:13:00
O0000726,2000-05-17,B007,051963C,Delivery,08:24:00
O0000727,2010-09-28,B007,037535C,Delivery,17:09:00
O0000728,2002-06-01,B007,091588C,Delivery,16:02:00
O0000729,2012-03-12,B007,000059C,Delivery,10:38:00
O0000730,2007-07-06,B007,095352C,Delivery,10:22:00
O0000731,2009-10-03,B007,052427C,Delivery,17:21:00
O0000732,1997-11-12,B007,085522C,Delivery,18:22:00
O0000733,2013-03-16,B007,046290C,Delivery,16:20:00
O0000734,2000-09-09,B007,010332C,Delivery,18:28:00
O0000735,2008-09-08,B007,072346C,Delivery,11:46:00
O0000736,2017-04-13,B007,039542C,Delivery,12:48:00
O0000737,1997-02-15,B007,032472C,Delivery,15:49:00
O0000738,2006-02-15,B007,068513C,Delivery,08:03:00
O0000739,2002-10-16,B007,012857C,Delivery,13:28:00
O0000740,2007-02-20,B007,068204C,Delivery,08:41:00
O0000741,2003-08-16,B007,093141C,Delivery,16:11:00
O0000742,2014-12-21,B007,005813C,Delivery,10:46:00
O0000743,2000-02-23,B007,008113C,Delivery,21:54:00
O0000744,2020-10-14,B007,089040C,Delivery,09:47:00
O0000745,2023-09-16,B007,055300C,Delivery,19:54:00
O0000746,2007-08-25,B007,063960C,Delivery,20:23:00
O0000747,1999-11-13,B007,075876C,Delivery,12:03:00
O0000748,2018-08-04,B007,026988C,Delivery,18:47:00
O0000749,2018-07-07,B007,059836C,Delivery,16:46:00
O0000750,2002-01-29,B007,090406C,Delivery,11:46:00
O0000751,2014-03-25,B007,072254C,Delivery,14:03:00
O0000752,2014-06-22,B007,066717C,Delivery,20:41:00
O0000753,2017-12-23,B007,047235C,Delivery,13:21:00
O0000754,2023-05-24,B007,000729C,Delivery,08:41:00
O0000755,2006-06-29,B007,043236C,Delivery,21:55:00
O0000756,2013-08-09,B007,045263C,Delivery,12:25:00
O0000757,2014-09-18,B007,061735C,Delivery,12:17:00
O0000758,2004-07-22,B007,022404C,Delivery,17:52:00
O0000759,2017-05-19,B007,083327C,Delivery,15:16:00
O0000760,2006-12-13,B007,089590C,Delivery,10:47:00
O0000761,2016-04-18,B007,039285C,Delivery,12:39:00
O0000762,2002-04-01,B007,017597C,Delivery,16:45:00
O0000763,2002-03-21,B007,079081C,Delivery,10:06:00
O0000764,1999-09-07,B007,040919C,Delivery,11:42:00
O0000765,2021-01-06,B007,044735C,Delivery,19:57:00
O0000766,2010-05-15,B007,039378C,Delivery,17:26:00
O0000767,2002-03-12,B007,050164C,Delivery,14:04:00
O0000768,2015-02-07,B007,054740C,Delivery,19:28:00
O0000769,2004-06-23,B007,096543C,Delivery,11:02:00
O0000770,2000-02-17,B008,021062C,Online,08:39:00
O0000771,2018-04-29,B008,089077C,Online,13:16:00
O0000772,1999-05-25,B008,014875C,Online,22:24:00
O0000773,2024-12-08,B008,024954C,Online,14:44:00
O0000774,2009-11-04,B008,005144C,Online,12:48:00
O0000775,1997-02-09,B008,022435C,Online,12:21:00
O0000776,1997-03-09,B008,083032C,Online,13:04:00
O0000777,2011-04-20,B008,079980C,Online,16:20:00
O0000778,2010-01-07,B008,090501C,Online,14:12:00
O0000779,2024-11-14,B008,039959C,Online,15:09:00
O0000780,2012-01-12,B008,062639C,Online,13:39:00
O0000781,2021-03-26,B008,059724C,Online,21:49:00
O0000782,2023-02-01,B008,054497C,Online,18:14:00
O0000783,2008-02-07,B008,085267C,Online,18:58:00
O0000784,2001-01-12,B008,076286C,Online,21:54:00
O0000785,2005-07-22,B008,028150C,Offline,20:26:00
O0000786,2017-09-07,B008,097087C,Offline,10:18:00
O0000787,2008-02-21,B008,008487C,Offline,19:27:00
O0000788,1999-06-12,B008,053970C,Offline,14:17:00
O0000789,2019-04-10,B008,057839C,Offline,12:45:00
O0000790,2010-06-10,B008,057759C,Offline,19:13:00
O0000791,1999-07-22,B008,098470C,Offline,11:48:00
O0000792,2006-03-11,B008,072022C,Offline,21:13:00
O0000793,1998-12-19,B008,049923C,Offline,22:22:00
O0000794,2013-04-22,B008,016219C,Offline,10:33:00
O0000795,2006-09-24,B008,011638C,Offline,18:22:00
O0000796,2003-07-23,B008,018203C,Offline,11:14:00
O0000797,2013-03-24,B008,076345C,Offline,21:39:00
O0000798,2011-07-25,B008,052986C,Offline,08:15:00
O0000799,2009-11-25,B008,012273C,Offline,19:09:00
O0000800,2013-01-16,B008,099378C,Offline,07:54:00
O0000801,2015-12-28,B008,042552C,Offline,11:26:00
O0000802,1998-08-19,B008,007652C,Offline,11:23:00
O0000803,2018-12-08,B008,031523C,Offline,15:06:00
O0000804,2010-03-18,B008,033517C,Offline,09:03:00
O0000805,2009-03-03,B008,043305C,Offline,10:41:00
O0000806,2021-03-02,B008,037308C,Offline,21:24:00
O0000807,2005-07-04,B008,030930C,Offline,15:25:00
O0000808,2015-04-12,B008,044583C,Offline,18:14:00
O0000809,2018-12-31,B008,037155C,Offline,07:51:00
O0000810,2016-08-20,B008,091891C,Delivery,14:27:00
O0000811,2024-02-21,B008,001641C,Delivery,14:38:00
O0000812,2023-05-04,B008,044378C,Delivery,08:36:00
O0000813,2012-10-09,B008,060337C,Delivery,11:24:00
O0000814,2018-11-14,B008,058805C,Delivery,17:43:00
O0000815,2001-02-19,B008,002991C,Delivery,08:42:00
O0000816,2020-11-27,B008,029127C,Delivery,20:55:00
O0000817,1997-10-18,B008,038169C,Delivery,13:51:00
O0000818,2019-04-04,B008,064048C,Delivery,12:11:00
O0000819,2003-07-10,B008,053765C,Delivery,13:29:00
O0000820,2016-09-04,B008,060512C,Delivery,15:35:00
O0000821,2023-01-04,B008,073311C,Delivery,12:40:00
O0000822,2017-11-29,B008,059871C,Delivery,13:03:00
O0000823,2001-04-21,B008,089345C,Delivery,11:56:00
O0000824,2021-05-06,B008,056241C,Delivery,12:47:00
O0000825,2016-02-22,B008,048681C,Delivery,19:53:00
O0000826,2024-11-24,B008,035952C,Delivery,08:15:00
O0000827,2024-11-20,B008,005207C,Delivery,16:17:00
O0000828,2002-04-01,B008,013178C,Delivery,10:22:00
O0000829,1998-03-20,B008,049360C,Delivery,15:36:00
O0000830,2021-09-28,B008,090316C,Delivery,10:30:00
O0000831,2005-09-03,B008,008146C,Delivery,08:51:00
O0000832,2001-12-19,B008,059333C,Delivery,18:22:00
O0000833,2001-02-12,B008,007778C,Delivery,10:26:00
O0000834,2024-01-13,B008,004523C,Delivery,15:33:00
O0000835,2021-07-13,B008,037040C,Delivery,11:50:00
O0000836,2002-01-25,B008,010960C,Delivery,07:51:00
O0000837,1998-08-07,B008,022871C,Delivery,20:18:00
O0000838,2016-02-07,B008,082903C,Delivery,10:46:00
O0000839,2007-11-11,B008,050465C,Delivery,09:30:00
O0000840,2011-09-22,B008,084847C,Delivery,13:23:00
O0000841,2013-01-11,B008,071146C,Delivery,15:46:00
O0000842,1997-12-06,B008,013214C,Delivery,08:19:00
O0000843,2005-08-13,B008,014439C,Delivery,09:17:00
O0000844,2014-09-17,B008,072005C,Delivery,09:11:00
O0000845,2017-05-23,B008,050212C,Delivery,19:10:00
O0000846,2013-07-17,B008,064348C,Delivery,20:52:00
O0000847,2013-09-03,B008,014692C,Delivery,11:43:00
O0000848,2003-08-20,B008,019260C,Delivery,15:03:00
O0000849,2016-09-05,B008,057462C,Delivery,09:51:00
O0000850,2020-06-28,B008,017598C,Delivery,13:46:00
O0000851,2005-08-09,B008,034472C,Delivery,12:40:00
O0000852,2014-04-10,B008,037616C,Delivery,21:49:00
O0000853,2021-10-16,B008,027155C,Delivery,12:45:00
O0000854,2017-06-07,B008,029932C,Delivery,13:28:00
O0000855,2003-04-12,B008,092665C,Delivery,12:30:00
O0000856,2013-06-03,B008,023861C,Delivery,15:06:00
O0000857,2007-08-28,B008,088127C,Delivery,20:26:00
O0000858,2023-11-16,B008,078264C,Delivery,20:50:00
O0000859,2017-06-21,B008,082248C,Delivery,22:15:00
O0000860,2018-10-17,B008,038862C,Delivery,20:44:00
O0000861,2001-08-29,B008,004241C,Delivery,14:39:00
O0000862,2014-09-02,B008,017191C,Delivery,20:06:00
O0000863,2002-05-10,B008,059012C,Delivery,10:03:00
O0000864,1999-12-17,B008,050883C,Delivery,10:45:00
O0000865,1997-12-27,B008,012845C,Delivery,22:13:00
O0000866,2017-04-05,B008,074894C,Delivery,21:20:00
O0000867,2017-06-12,B008,052876C,Delivery,21:27:00
O0000868,2016-04-11,B008,082756C,Delivery,13:20:00
O0000869,2006-04-03,B008,060702C,Delivery,11:20:00
O0000870,2015-11-09,B008,032728C,Delivery,17:02:00
O0000871,2001-12-21,B008,097786C,Delivery,18:44:00
O0000872,2009-12-25,B008,055513C,Delivery,18:32:00
O0000873,2023-11-08,B008,059598C,Delivery,08:56:00
O0000874,2002-02-12,B008,028920C,Delivery,09:58:00
O0000875,2006-01-16,B008,033514C,Delivery,18:46:00
O0000876,2015-06-26,B008,057746C,Delivery,07:37:00
O0000877,2011-06-03,B008,074814C,Delivery,13:16:00
O0000878,2002-12-22,B008,048154C,Delivery,19:19:00
O0000879,2017-06-05,B008,025617C,Delivery,11:56:00
O0000880,1999-04-16,B008,068525C,Delivery,07:07:00
O0000881,2017-02-21,B008,070939C,Delivery,15:48:00
O0000882,2022-03-08,B008,022366C,Delivery,18:23:00
O0000883,2020-08-07,B008,003606C,Delivery,18:44:00
O0000884,2001-01-21,B008,084692C,Delivery,22:10:00
O0000885,2008-02-16,B008,064709C,Delivery,11:48:00
O0000886,2007-01-05,B009,015387C,Online,10:54:00
O0000887,2014-04-12,B009,062543C,Online,10:15:00
O0000888,2011-05-04,B009,028810C,Online,21:39:00
O0000889,2017-07-17,B009,090639C,Online,12:08:00
O0000890,2021-08-22,B009,012105C,Online,21:54:00
O0000891,2013-09-30,B009,048456C,Online,21:37:00
O0000892,2016-08-02,B009,073030C,Online,10:51:00
O0000893,2024-03-18,B009,050318C,Online,10:20:00
O0000894,2019-03-31,B009,064928C,Offline,10:38:00
O0000895,2004-06-30,B009,058027C,Offline,19:01:00
O0000896,2000-12-24,B009,072773C,Offline,12:15:00
O0000897,2009-06-22,B009,051496C,Offline,20:22:00
O0000898,2005-06-09,B009,065815C,Offline,16:36:00
O0000899,2023-09-16,B009,017665C,Offline,21:32:00
O0000900,2001-11-06,B009,060290C,Offline,19:30:00
O0000901,2017-04-27,B009,006536C,Offline,20:35:00
O0000902,2018-07-20,B009,068209C,Offline,14:26:00
O0000903,2021-08-13,B009,083784C,Offline,20:47:00
O0000904,2007-12-15,B009,070696C,Offline,15:12:00
O0000905,2014-01-16,B009,041837C,Offline,13:18:00
O0000906,1998-04-30,B009,058666C,Offline,07:57:00
O0000907,2011-04-20,B009,092791C,Offline,12:00:00
O0000908,2004-08-26,B009,054479C,Offline,07:59:00
O0000909,1999-12-15,B009,009544C,Offline,19:41:00
O0000910,1999-01-27,B009,063062C,Offline,17:06:00
O0000911,2024-11-02,B009,063505C,Offline,18:31:00
O0000912,2016-08-20,B009,052076C,Offline,08:57:00
O0000913,2018-06-30,B009,008676C,Offline,13:19:00
O0000914,2020-08-29,B009,049418C,Offline,15:07:00
O0000915,2003-10-24,B009,030756C,Offline,11:06:00
O0000916,2023-04-20,B009,041266C,Offline,20:22:00
O0000917,2019-02-18,B009,056347C,Offline,14:04:00
O0000918,2024-09-25,B009,049319C,Delivery,18:18:00
O0000919,2005-02-24,B009,045344C,Delivery,09:45:00
O0000920,2007-08-20,B009,000482C,Delivery,07:01:00
O0000921,2005-07-22,B009,010634C,Delivery,11:49:00
O0000922,2015-07-15,B009,060692C,Delivery,10:58:00
O0000923,2011-06-23,B009,003319C,Delivery,10:04:00
O0000924,2004-04-12,B009,092769C,Delivery,18:56:00
O0000925,2021-10-17,B009,073222C,Delivery,15:35:00
O0000926,2005-11-09,B009,001544C,Delivery,12:01:00
O0000927,2021-05-11,B009,053985C,Delivery,17:23:00
O0000928,2021-10-12,B009,065413C,Delivery,17:29:00
O0000929,2020-02-18,B009,075037C,Delivery,07:33:00
O0000930,2012-09-28,B009,048227C,Delivery,09:51:00
O0000931,2017-08-15,B009,051637C,Delivery,07:42:00
O0000932,1998-05-16,B009,054549C,Delivery,21:47:00
O0000933,2016-11-12,B009,045096C,Delivery,20:08:00
O0000934,2007-11-15,B009,032732C,Delivery,18:55:00
O0000935,2019-12-13,B009,086418C,Delivery,07:15:00
O0000936,2011-01-17,B009,004067C,Delivery,14:02:00
O0000937,2013-03-05,B009,010202C,Delivery,19:24:00
O0000938,2024-11-12,B009,093607C,Delivery,08:34:00
O0000939,2008-04-10,B009,032016C,Delivery,18:20:00
O0000940,2018-03-20,B009,023900C,Delivery,21:33:00
O0000941,2022-12-30,B009,068193C,Delivery,12:18:00
O0000942,2018-03-18,B009,006313C,Delivery,11:40:00
O0000943,1998-05-20,B009,000627C,Delivery,15:53:00
O0000944,2015-07-13,B009,023420C,Delivery,15:35:00
O0000945,2008-05-24,B009,025030C,Delivery,12:17:00
O0000946,2010-08-28,B009,046880C,Delivery,18:25:00
O0000947,2007-04-27,B009,054884C,Delivery,15:58:00
O0000948,2017-09-27,B009,091371C,Delivery,17:33:00
O0000949,2006-04-22,B009,072912C,Delivery,20:53:00
O0000950,2003-12-03,B009,008442C,Delivery,09:27:00
O0000951,2020-09-04,B009,036331C,Delivery,21:41:00
O0000952,2016-08-25,B009,044936C,Delivery,16:47:00
O0000953,2001-02-08,B009,077880C,Delivery,20:48:00
O0000954,2019-04-19,B009,040456C,Delivery,16:03:00
O0000955,2010-11-06,B009,004552C,Delivery,20:55:00
O0000956,2003-11-13,B009,078760C,Delivery,17:28:00
O0000957,2002-07-27,B009,036783C,Delivery,20:21:00
O0000958,2017-10-17,B009,019851C,Delivery,19:07:00
O0000959,2000-03-09,B009,051272C,Delivery,19:16:00
O0000960,2024-07-16,B009,023754C,Delivery,19:25:00
O0000961,2008-08-10,B009,013490C,Delivery,19:59:00
O0000962,2006-02-12,B009,041868C,Delivery,18:25:00
O0000963,2018-03-04,B009,083241C,Delivery,16:05:00
O0000964,2019-12-08,B009,085203C,Delivery,20:20:00
O0000965,2016-02-06,B009,040868C,Delivery,13:18:00
O0000966,1997-10-04,B009,061623C,Delivery,08:32:00
O0000967,1997-08-17,B009,044577C,Delivery,21:27:00
O0000968,2015-07-29,B009,051355C,Delivery,20:48:00
O0000969,1998-03-31,B009,091425C,Delivery,06:33:00
O0000970,1997-11-10,B009,061730C,Delivery,06:45:00
O0000971,2021-04-06,B009,024068C,Delivery,11:21:00
O0000972,1997-07-21,B009,005002C,Delivery,21:07:00
O0000973,2003-04-16,B009,042739C,Delivery,13:21:00
O0000974,2012-12-30,B009,024432C,Delivery,11:42:00
O0000975,2013-12-07,B009,012328C,Delivery,14:08:00
O0000976,2020-05-08,B009,011261C,Delivery,19:46:00
O0000977,2012-06-08,B009,043769C,Delivery,15:58:00
O0000978,2004-08-23,B009,017629C,Delivery,10:58:00
O0000979,2012-07-31,B009,058894C,Delivery,09:47:00
O0000980,2009-05-16,B009,049681C,Delivery,18:13:00
O0000981,2002-05-21,B009,042650C,Delivery,12:09:00
O0000982,2011-07-20,B009,083976C,Delivery,06:12:00
O0000983,2014-06-19,B009,045398C,Delivery,13:51:00
O0000984,2001-12-23,B009,061690C,Delivery,17:26:00
O0000985,2018-03-03,B009,020362C,Delivery,12:17:00
O0000986,2001-07-17,B009,092084C,Delivery,18:00:00
O0000987,2003-01-19,B009,058500C,Delivery,10:36:00
O0000988,2012-08-23,B009,082393C,Delivery,18:41:00
O0000989,2023-10-25,B009,086935C,Delivery,14:56:00
O0000990,2024-10-11,B009,027326C,Delivery,18:21:00
O0000991,2001-11-08,B009,076855C,Delivery,12:32:00
O0000992,2022-12-07,B009,056888C,Delivery,07:24:00
O0000993,2009-04-24,B009,049849C,Delivery,19:27:00
O0000994,1998-07-02,B009,007321C,Delivery,10:29:00
O0000995,2011-12-22,B009,057914C,Delivery,17:32:00
O0000996,2000-08-08,B009,059057C,Delivery,08:20:00
O0000997,2003-08-14,B009,016551C,Delivery,18:24:00
O0000998,2020-09-30,B009,025325C,Delivery,13:12:00
O0000999,2007-07-30,B009,071243C,Delivery,07:20:00
O0001000,1998-12-09,B009,022315C,Delivery,21:44:00
O0001001,2018-10-18,B009,074468C,Delivery,11:08:00
O0001002,2017-01-27,B009,036848C,Delivery,12:14:00
O0001003,2016-07-12,B009,016259C,Delivery,08:25:00
O0001004,2002-05-30,B009,043382C,Delivery,08:52:00
O0001005,2000-12-26,B009,045982C,Delivery,15:09:00
O0001006,2012-10-18,B009,085161C,Delivery,21:18:00
O0001007,2019-09-02,B009,058122C,Delivery,06:42:00
O0001008,2012-03-06,B009,081096C,Delivery,19:14:00
O0001009,2001-11-01,B009,073521C,Delivery,20:24:00
O0001010,2004-05-23,B009,022805C,Delivery,09:26:00
O0001011,2014-06-11,B009,088730C,Delivery,08:10:00
O0001012,2021-06-29,B009,007622C,Delivery,20:03:00
O0001013,2004-01-25,B009,054782C,Delivery,09:43:00
O0001014,2009-11-25,B009,050630C,Delivery,18:35:00
O0001015,2022-05-19,B009,083572C,Delivery,13:52:00
O0001016,2001-09-24,B010,039688C,Online,11:52:00
O0001017,2013-11-23,B010,077455C,Online,17:45:00
O0001018,2020-02-29,B010,029634C,Online,19:45:00
O0001019,2017-09-19,B010,027907C,Online,09:22:00
O0001020,2009-06-28,B010,068968C,Online,15:52:00
O0001021,2022-06-07,B010,050892C,Online,19:54:00
O0001022,2004-01-16,B010,059236C,Online,13:41:00
O0001023,1997-07-19,B010,082857C,Online,12:10:00
O0001024,2023-04-11,B010,097666C,Offline,16:20:00
O0001025,2015-08-22,B010,031735C,Offline,12:24:00
O0001026,2007-04-28,B010,039356C,Offline,19:45:00
O0001027,2009-12-29,B010,043179C,Offline,11:21:00
O0001028,2024-12-05,B010,088638C,Offline,16:17:00
O0001029,2013-08-22,B010,097285C,Offline,11:57:00
O0001030,2004-12-03,B010,043612C,Offline,11:29:00
O0001031,2012-03-24,B010,050195C,Offline,11:02:00
O0001032,2005-01-24,B010,052857C,Offline,18:40:00
O0001033,2001-12-06,B010,024507C,Offline,18:06:00
O0001034,2006-04-24,B010,030526C,Offline,17:30:00
O0001035,2005-04-17,B010,037355C,Offline,13:10:00
O0001036,2011-02-13,B010,027388C,Offline,14:59:00
O0001037,2000-08-27,B010,086716C,Offline,12:31:00
O0001038,2004-10-04,B010,024243C,Offline,11:09:00
O0001039,2002-09-05,B010,059771C,Offline,16:43:00
O0001040,2024-10-26,B010,071856C,Offline,12:32:00
O0001041,2013-11-14,B010,034256C,Offline,10:47:00
O0001042,2011-02-24,B010,020756C,Offline,10:09:00
O0001043,2005-11-01,B010,082932C,Offline,07:35:00
O0001044,2014-08-02,B010,057794C,Offline,12:21:00
O0001045,2009-08-27,B010,082506C,Offline,09:40:00
O0001046,2007-09-09,B010,088726C,Offline,19:19:00
O0001047,2005-06-29,B010,061937C,Offline,20:30:00
O0001048,2007-11-26,B010,097258C,Offline,10:50:00
O0001049,2006-09-25,B010,066681C,Offline,09:19:00
O0001050,2017-08-10,B010,061780C,Offline,15:08:00
O0001051,2014-11-29,B010,006784C,Delivery,18:41:00
O0001052,2017-03-10,B010,043220C,Delivery,16:17:00
O0001053,2019-05-07,B010,003088C,Delivery,18:27:00
O0001054,2013-09-29,B010,033858C,Delivery,16:30:00
O0001055,2010-02-18,B010,080965C,Delivery,11:08:00
O0001056,2007-12-29,B010,074851C,Delivery,15:00:00
O0001057,2000-04-20,B010,040378C,Delivery,16:15:00
O0001058,2001-05-18,B010,095140C,Delivery,18:32:00
O0001059,1999-09-17,B010,062655C,Delivery,18:33:00
O0001060,2021-11-12,B010,007375C,Delivery,08:43:00
O0001061,2021-08-02,B010,046456C,Delivery,18:22:00
O0001062,1999-06-11,B010,083472C,Delivery,08:13:00
O0001063,2016-11-26,B010,070304C,Delivery,18:46:00
O0001064,2017-01-27,B010,084091C,Delivery,15:19:00
O0001065,2024-08-11,B010,019582C,Delivery,14:32:00
O0001066,2018-09-02,B010,074358C,Delivery,10:25:00
O0001067,2013-12-06,B010,028979C,Delivery,10:24:00
O0001068,2023-12-30,B010,071864C,Delivery,19:27:00
O0001069,2017-08-31,B010,087666C,Delivery,14:43:00
O0001070,2007-07-02,B010,040286C,Delivery,11:24:00
O0001071,2012-10-30,B010,083167C,Delivery,15:28:00
O0001072,2015-01-01,B010,017048C,Delivery,15:26:00
O0001073,2017-12-03,B010,019071C,Delivery,19:14:00
O0001074,2000-04-19,B010,091833C,Delivery,10:03:00
O0001075,2003-04-18,B010,087966C,Delivery,12:25:00
O0001076,2001-11-15,B010,015111C,Delivery,17:11:00
O0001077,2006-02-11,B010,031976C,Delivery,15:22:00
O0001078,1998-11-25,B010,019003C,Delivery,08:58:00
O0001079,1999-10-09,B010,016833C,Delivery,19:43:00
O0001080,1998-04-10,B010,043605C,Delivery,13:01:00
O0001081,2006-09-30,B010,008732C,Delivery,13:26:00
O0001082,2024-05-29,B010,011687C,Delivery,13:59:00
O0001083,2012-04-22,B010,072698C,Delivery,11:30:00
O0001084,2003-01-04,B010,016237C,Delivery,20:02:00
O0001085,1998-06-08,B010,024791C,Delivery,18:20:00
O0001086,1997-06-15,B010,007793C,Delivery,18:54:00
O0001087,2013-05-29,B010,036021C,Delivery,17:51:00
O0001088,2011-03-26,B010,078863C,Delivery,08:32:00
O0001089,2023-08-28,B010,004905C,Delivery,07:44:00
O0001090,2003-04-23,B010,006183C,Delivery,18:05:00
O0001091,2018-01-01,B010,090074C,Delivery,12:29:00
O0001092,2009-12-19,B010,018337C,Delivery,08:47:00
O0001093,2004-01-29,B010,096061C,Delivery,12:02:00
O0001094,2022-07-30,B010,046853C,Delivery,14:48:00
O0001095,2006-12-24,B010,088186C,Delivery,20:09:00
O0001096,2005-07-17,B010,093624C,Delivery,18:18:00
O0001097,2013-01-05,B010,020358C,Delivery,09:08:00
O0001098,1999-03-06,B010,077499C,Delivery,07:35:00
O0001099,2012-03-10,B010,004744C,Delivery,10:06:00
O0001100,2017-01-11,B010,084994C,Delivery,10:00:00
O0001101,2010-01-13,B010,062854C,Delivery,10:05:00
O0001102,1998-01-14,B010,055721C,Delivery,07:30:00
O0001103,1997-06-10,B010,025392C,Delivery,16:18:00
O0001104,2005-02-15,B010,043795C,Delivery,16:44:00
O0001105,1997-10-13,B010,072727C,Delivery,10:58:00
O0001106,2024-12-07,B010,036730C,Delivery,13:24:00
O0001107,2017-05-04,B010,077310C,Delivery,11:40:00
O0001108,2019-01-12,B010,008490C,Delivery,16:09:00
O0001109,2013-08-15,B010,011328C,Delivery,15:10:00
O0001110,2024-09-28,B010,047995C,Delivery,07:30:00
O0001111,1997-05-14,B010,066883C,Delivery,10:23:00
O0001112,1997-05-28,B010,006659C,Delivery,09:09:00
O0001113,2000-12-30,B010,096734C,Delivery,16:01:00
O0001114,2000-07-30,B010,089945C,Delivery,11:46:00
O0001115,2020-01-24,B010,074648C,Delivery,17:03:00
O0001116,2024-06-15,B010,085473C,Delivery,10:58:00
O0001117,2023-05-20,B010,072508C,Delivery,13:06:00
O0001118,1997-09-24,B010,014151C,Delivery,11:37:00
O0001119,2011-03-23,B011,064407C,Online,13:02:00
O0001120,2008-02-26,B011,054139C,Online,11:24:00
O0001121,2021-10-03,B011,021348C,Online,16:36:00
O0001122,2020-06-12,B011,092326C,Online,17:35:00
O0001123,2013-05-08,B011,089275C,Online,13:34:00
O0001124,2002-06-23,B011,076998C,Online,11:52:00
O0001125,2007-07-08,B011,010060C,Online,15:05:00
O0001126,2016-03-14,B011,020475C,Online,07:23:00
O0001127,2018-05-08,B011,098087C,Online,17:56:00
O0001128,2008-02-02,B011,037481C,Online,08:28:00
O0001129,2004-02-20,B011,043075C,Online,12:25:00
O0001130,2003-11-08,B011,010279C,Online,19:57:00
O0001131,2000-05-03,B011,060852C,Online,17:20:00
O0001132,2002-10-15,B011,055494C,Offline,12:05:00
O0001133,2007-04-24,B011,038942C,Offline,16:00:00
O0001134,2015-02-15,B011,099489C,Offline,08:04:00
O0001135,2016-05-27,B011,017677C,Offline,19:53:00
O0001136,2008-08-19,B011,016515C,Offline,18:11:00
O0001137,2001-06-30,B011,089677C,Offline,11:37:00
O0001138,2016-07-29,B011,036271C,Offline,11:20:00
O0001139,2022-07-12,B011,071286C,Offline,10:33:00
O0001140,2014-11-21,B011,067417C,Offline,11:52:00
O0001141,2004-03-05,B011,065051C,Offline,06:45:00
O0001142,1997-04-13,B011,092564C,Offline,09:44:00
O0001143,2006-02-16,B011,049725C,Offline,12:41:00
O0001144,2015-05-28,B011,001285C,Offline,08:22:00
O0001145,2008-03-19,B011,005830C,Offline,11:33:00
O0001146,2015-12-06,B011,099127C,Offline,07:14:00
O0001147,2001-11-10,B011,073045C,Offline,09:39:00
O0001148,2014-03-31,B011,025810C,Offline,15:13:00
O0001149,2024-06-06,B011,089904C,Offline,13:17:00
O0001150,2016-04-12,B011,050295C,Offline,13:29:00
O0001151,2016-05-17,B011,002530C,Offline,19:45:00
O0001152,2002-08-19,B011,010295C,Offline,19:46:00
O0001153,2001-07-22,B011,092818C,Offline,12:52:00
O0001154,2000-02-22,B011,076104C,Offline,11:39:00
O0001155,1997-03-03,B011,086590C,Offline,08:29:00
O0001156,2018-02-21,B011,079899C,Delivery,06:53:00
O0001157,1997-04-13,B011,025684C,Delivery,15:20:00
O0001158,2000-09-27,B011,073326C,Delivery,19:45:00
O0001159,2021-02-26,B011,012412C,Delivery,15:28:00
O0001160,2005-10-29,B011,042925C,Delivery,08:42:00
O0001161,2014-12-30,B011,027932C,Delivery,07:13:00
O0001162,2014-06-02,B011,075443C,Delivery,08:32:00
O0001163,2023-06-20,B011,098598C,Delivery,10:11:00
O0001164,2020-01-10,B011,038031C,Delivery,18:49:00
O0001165,2023-04-19,B011,060531C,Delivery,18:56:00
O0001166,1999-07-18,B011,062907C,Delivery,18:46:00
O0001167,2014-11-23,B011,058290C,Delivery,15:15:00
O0001168,2024-05-08,B011,019705C,Delivery,07:32:00
O0001169,2009-12-31,B011,091024C,Delivery,17:42:00
O0001170,2024-02-08,B011,094100C,Delivery,10:31:00
O0001171,2000-02-25,B011,091847C,Delivery,16:39:00
O0001172,1999-03-26,B011,004633C,Delivery,19:56:00
O0001173,2011-04-14,B011,027193C,Delivery,11:07:00
O0001174,2008-09-14,B011,061428C,Delivery,09:43:00
O0001175,2008-10-11,B011,089275C,Delivery,12:57:00
O0001176,2005-12-27,B011,068961C,Delivery,07:06:00
O0001177,2018-07-26,B011,046798C,Delivery,07:10:00
O0001178,2006-08-14,B011,026978C,Delivery,07:08:00
O0001179,2022-01-23,B011,075096C,Delivery,14:46:00
O0001180,2005-09-06,B011,033936C,Delivery,08:24:00
O0001181,2000-10-14,B011,085842C,Delivery,15:21:00
O0001182,2007-08-26,B011,054923C,Delivery,17:50:00
O0001183,1998-05-20,B011,052886C,Delivery,11:40:00
O0001184,2010-11-26,B011,081959C,Delivery,19:28:00
O0001185,2002-12-18,B011,045436C,Delivery,15:38:00
O0001186,2018-06-21,B011,092428C,Delivery,14:31:00
O0001187,1999-01-26,B011,043892C,Delivery,11:52:00
O0001188,2000-08-25,B011,013286C,Delivery,10:42:00
O0001189,2010-08-15,B011,049760C,Delivery,07:51:00
O0001190,2018-11-21,B011,031444C,Delivery,17:42:00
O0001191,2003-10-07,B011,004074C,Delivery,19:36:00
O0001192,2006-04-08,B011,002799C,Delivery,14:47:00
O0001193,2001-05-24,B011,097478C,Delivery,06:54:00
O0001194,1999-02-04,B011,049467C,Delivery,12:07:00
O0001195,2021-11-18,B011,009132C,Delivery,17:55:00
O0001196,2013-02-13,B011,094200C,Delivery,16:33:00
O0001197,2023-12-02,B011,094354C,Delivery,11:29:00
O0001198,2017-12-09,B011,030041C,Delivery,11:15:00
O0001199,1998-04-07,B011,027625C,Delivery,17:48:00
O0001200,2002-10-13,B011,098530C,Delivery,19:41:00
O0001201,2017-08-26,B011,034383C,Delivery,19:38:00
O0001202,2017-02-24,B011,033874C,Delivery,19:28:00
O0001203,2005-09-20,B011,049871C,Delivery,16:19:00
O0001204,2023-04-09,B011,036936C,Delivery,13:38:00
O0001205,2012-06-02,B011,090199C,Delivery,18:35:00
O0001206,2020-02-20,B011,030116C,Delivery,07:54:00
O0001207,2010-12-13,B011,063740C,Delivery,13:46:00
O0001208,2016-02-04,B011,066685C,Delivery,09:10:00
O0001209,1998-03-27,B011,061188C,Delivery,17:25:00
O0001210,2021-05-16,B011,033138C,Delivery,18:46:00
O0001211,2008-02-11,B011,093506C,Delivery,11:15:00
O0001212,2017-01-21,B011,099578C,Delivery,14:29:00
O0001213,2011-03-02,B011,049469C,Delivery,19:28:00
O0001214,2014-09-16,B011,043985C,Delivery,07:29:00
O0001215,2015-03-06,B011,095331C,Delivery,14:21:00
O0001216,2012-10-05,B011,034866C,Delivery,07:01:00
O0001217,2008-03-06,B011,031435C,Delivery,19:42:00
O0001218,2005-05-23,B011,087864C,Delivery,15:29:00
O0001219,2009-01-27,B011,032922C,Delivery,12:10:00
O0001220,2018-02-01,B011,092530C,Delivery,09:06:00
O0001221,2009-02-04,B011,078538C,Delivery,17:56:00
O0001222,2013-12-26,B011,078776C,Delivery,17:22:00
O0001223,2003-03-06,B011,092682C,Delivery,12:10:00
O0001224,2016-08-22,B011,051862C,Delivery,09:59:00
O0001225,2013-02-17,B011,083476C,Delivery,12:27:00
O0001226,2016-03-19,B011,029601C,Delivery,08:39:00
O0001227,2000-02-19,B011,057331C,Delivery,13:44:00
O0001228,2017-08-04,B011,014663C,Delivery,14:35:00
O0001229,2011-03-25,B012,046839C,Online,12:19:00
O0001230,2003-03-10,B012,067618C,Online,13:59:00
O0001231,2018-11-08,B012,050851C,Online,08:07:00
O0001232,2014-04-17,B012,066591C,Online,12:43:00
O0001233,2000-08-19,B012,012946C,Online,17:28:00
O0001234,2018-07-29,B012,004565C,Online,07:08:00
O0001235,2019-08-13,B012,075884C,Online,17:04:00
O0001236,1997-03-24,B012,024366C,Online,08:37:00
O0001237,2023-10-14,B012,033951C,Online,16:28:00
O0001238,2001-05-26,B012,092949C,Online,15:05:00
O0001239,2017-12-22,B012,085266C,Online,14:51:00
O0001240,1998-07-21,B012,040881C,Online,21:08:00
O0001241,2014-10-12,B012,010896C,Online,13:36:00
O0001242,1999-07-18,B012,008480C,Online,22:23:00
O0001243,2005-03-02,B012,030415C,Online,07:25:00
O0001244,2024-03-12,B012,045117C,Offline,17:03:00
O0001245,2011-12-17,B012,047308C,Offline,07:43:00
O0001246,2016-02-05,B012,054795C,Offline,21:36:00
O0001247,2016-05-04,B012,035437C,Offline,12:12:00
O0001248,1998-02-21,B012,051748C,Offline,17:39:00
O0001249,1998-09-15,B012,021126C,Offline,15:39:00
O0001250,2023-02-10,B012,054737C,Offline,20:45:00
O0001251,2019-05-27,B012,062690C,Offline,10:23:00
O0001252,2002-05-18,B012,016956C,Offline,19:49:00
O0001253,2018-12-28,B012,072022C,Offline,22:16:00
O0001254,2006-02-08,B012,082428C,Offline,07:39:00
O0001255,2001-10-02,B012,038390C,Offline,17:27:00
O0001256,2000-07-10,B012,007673C,Offline,16:48:00
O0001257,2015-05-12,B012,031532C,Offline,19:36:00
O0001258,2012-10-06,B012,031101C,Offline,12:16:00
O0001259,2004-12-27,B012,083393C,Offline,12:50:00
O0001260,2003-04-14,B012,024207C,Offline,13:32:00
O0001261,2022-01-17,B012,097659C,Offline,07:30:00
O0001262,1999-05-14,B012,039619C,Offline,18:49:00
O0001263,1998-12-27,B012,093399C,Offline,09:28:00
O0001264,2003-10-15,B012,086735C,Offline,21:07:00
O0001265,1998-02-14,B012,020655C,Offline,09:45:00
O0001266,2009-06-23,B012,021614C,Offline,16:05:00
O0001267,2016-12-09,B012,034594C,Offline,14:43:00
O0001268,2019-09-02,B012,024974C,Offline,09:28:00
O0001269,2011-07-08,B012,086517C,Delivery,14:18:00
O0001270,2016-06-07,B012,073721C,Delivery,12:22:00
O0001271,1998-01-18,B012,000098C,Delivery,15:34:00
O0001272,2008-03-02,B012,090277C,Delivery,10:33:00
O0001273,2015-02-24,B012,061163C,Delivery,13:54:00
O0001274,2022-04-04,B012,002374C,Delivery,07:58:00
O0001275,2012-11-29,B012,042755C,Delivery,07:03:00
O0001276,1999-11-20,B012,057687C,Delivery,13:11:00
O0001277,2007-05-22,B012,033789C,Delivery,12:08:00
O0001278,2016-10-26,B012,057061C,Delivery,16:46:00
O0001279,2021-10-26,B012,066905C,Delivery,19:49:00
O0001280,2005-08-05,B012,070982C,Delivery,08:26:00
O0001281,2018-11-28,B012,078781C,Delivery,16:03:00
O0001282,2008-03-02,B012,001118C,Delivery,18:55:00
O0001283,2018-05-27,B012,065459C,Delivery,12:34:00
O0001284,2019-10-31,B012,079317C,Delivery,12:43:00
O0001285,1998-10-26,B012,071066C,Delivery,14:09:00
O0001286,2017-03-14,B012,042853C,Delivery,20:28:00
O0001287,2011-05-10,B012,027433C,Delivery,14:30:00
O0001288,2021-04-26,B012,073317C,Delivery,09:43:00
O0001289,2023-02-10,B012,028684C,Delivery,20:29:00
O0001290,2013-12-26,B012,042940C,Delivery,10:37:00
O0001291,1997-10-22,B012,028567C,Delivery,09:56:00
O0001292,2024-05-21,B012,010410C,Delivery,16:59:00
O0001293,2006-03-30,B012,091567C,Delivery,14:02:00
O0001294,2012-09-02,B012,017247C,Delivery,20:07:00
O0001295,2015-02-05,B012,051511C,Delivery,09:07:00
O0001296,2003-03-07,B012,089307C,Delivery,11:55:00
O0001297,2001-04-29,B012,064163C,Delivery,14:27:00
O0001298,2005-05-04,B012,073488C,Delivery,10:29:00
O0001299,2022-03-23,B012,090816C,Delivery,18:44:00
O0001300,2021-04-11,B012,019564C,Delivery,17:17:00
O0001301,2013-10-22,B012,015901C,Delivery,19:51:00
O0001302,2021-07-10,B012,064378C,Delivery,12:50:00
O0001303,2021-10-29,B012,057001C,Delivery,09:03:00
O0001304,2011-09-03,B012,074447C,Delivery,14:17:00
O0001305,2013-01-30,B012,067932C,Delivery,08:13:00
O0001306,1997-04-13,B012,087056C,Delivery,16:37:00
O0001307,2010-01-30,B012,045386C,Delivery,16:30:00
O0001308,2010-01-30,B012,011534C,Delivery,11:17:00
O0001309,2020-12-06,B012,012832C,Delivery,19:57:00
O0001310,2007-11-07,B012,006439C,Delivery,08:52:00
O0001311,2022-01-08,B012,011204C,Delivery,09:01:00
O0001312,2003-04-18,B012,012293C,Delivery,15:05:00
O0001313,2024-09-22,B012,040216C,Delivery,11:56:00
O0001314,2016-03-20,B012,065678C,Delivery,15:18:00
O0001315,1998-06-05,B012,032240C,Delivery,19:57:00
O0001316,2020-06-08,B012,079491C,Delivery,14:25:00
O0001317,2005-01-13,B012,010496C,Delivery,19:32:00
O0001318,2003-03-15,B012,062505C,Delivery,10:04:00
O0001319,2014-12-25,B012,022036C,Delivery,12:02:00
O0001320,2020-11-23,B012,012368C,Delivery,10:10:00
O0001321,1999-02-03,B012,057981C,Delivery,14:49:00
O0001322,2001-06-25,B012,091855C,Delivery,06:38:00
O0001323,2014-06-29,B012,081331C,Delivery,17:27:00
O0001324,2017-10-23,B012,003506C,Delivery,14:17:00
O0001325,1997-03-22,B012,003275C,Delivery,09:28:00
O0001326,1998-03-20,B012,059811C,Delivery,11:59:00
O0001327,2003-04-28,B012,048656C,Delivery,09:57:00
O0001328,2017-12-16,B012,075992C,Delivery,12:40:00
O0001329,2005-03-17,B012,014161C,Delivery,17:15:00
O0001330,2012-06-12,B012,003218C,Delivery,20:23:00
O0001331,1999-05-19,B012,083088C,Delivery,20:58:00
O0001332,2018-05-02,B012,058771C,Delivery,22:10:00
O0001333,2011-04-22,B012,025969C,Delivery,22:03:00
O0001334,1997-08-11,B012,045460C,Delivery,18:25:00
O0001335,2020-08-03,B012,028134C,Delivery,09:55:00
O0001336,2021-08-10,B012,030294C,Delivery,20:43:00
O0001337,2018-01-19,B012,046952C,Delivery,15:21:00
O0001338,2004-02-24,B012,080914C,Delivery,15:44:00
O0001339,2023-07-05,B012,036919C,Delivery,11:05:00
O0001340,2020-07-23,B012,023269C,Delivery,22:14:00
O0001341,2004-07-09,B012,072693C,Delivery,11:13:00
O0001342,2021-08-03,B012,033150C,Delivery,20:43:00
O0001343,2008-09-13,B012,032194C,Delivery,12:24:00
O0001344,2014-02-23,B012,077858C,Delivery,14:06:00
O0001345,2018-02-22,B012,022640C,Delivery,08:22:00
O0001346,2008-04-19,B012,098516C,Delivery,13:38:00
O0001347,1999-07-07,B012,076018C,Delivery,11:01:00
O0001348,2019-02-07,B012,014548C,Delivery,17:34:00
O0001349,2002-05-10,B012,030797C,Delivery,22:12:00
O0001350,2000-06-28,B012,010625C,Delivery,09:58:00
O0001351,2008-12-28,B012,076627C,Delivery,16:13:00
O0001352,2010-06-21,B012,049191C,Delivery,13:44:00
O0001353,2017-08-12,B012,088353C,Delivery,06:30:00
O0001354,2008-04-13,B012,043002C,Delivery,12:36:00
O0001355,2002-08-26,B012,098424C,Delivery,10:50:00
O0001356,2007-08-08,B012,008660C,Delivery,17:23:00
O0001357,2006-12-17,B012,045883C,Delivery,16:52:00
O0001358,2019-06-26,B012,023803C,Delivery,22:28:00
O0001359,2023-02-03,B012,085874C,Delivery,09:12:00
O0001360,2021-05-27,B012,054290C,Delivery,12:58:00
O0001361,2008-10-21,B012,068387C,Delivery,18:44:00
O0001362,2022-04-21,B012,067414C,Delivery,17:24:00
O0001363,2000-10-11,B012,026384C,Delivery,16:17:00
O0001364,1999-01-11,B012,089497C,Delivery,20:01:00
O0001365,2019-10-15,B012,049518C,Delivery,16:06:00
O0001366,2019-10-18,B012,066029C,Delivery,21:02:00
O0001367,2008-10-29,B012,003735C,Delivery,20:07:00
O0001368,1997-12-07,B013,099957C,Online,07:59:00
O0001369,2012-06-16,B013,017939C,Online,08:45:00
O0001370,2003-06-14,B013,026382C,Online,14:32:00
O0001371,2020-04-19,B013,085821C,Online,11:15:00
O0001372,2018-03-25,B013,084978C,Online,13:18:00
O0001373,1998-09-28,B013,055962C,Online,10:53:00
O0001374,2001-08-25,B013,080617C,Online,17:20:00
O0001375,2017-02-17,B013,064280C,Online,15:51:00
O0001376,2009-05-22,B013,072899C,Online,09:58:00
O0001377,2009-04-13,B013,054539C,Online,14:19:00
O0001378,2003-07-22,B013,007184C,Online,19:50:00
O0001379,2013-11-05,B013,091100C,Online,08:04:00
O0001380,2012-02-27,B013,042750C,Offline,09:26:00
O0001381,2019-11-05,B013,083969C,Offline,14:23:00
O0001382,2018-12-03,B013,050885C,Offline,08:42:00
O0001383,2011-09-16,B013,048954C,Offline,18:36:00
O0001384,2013-09-01,B013,093047C,Offline,08:24:00
O0001385,1999-09-30,B013,033073C,Offline,09:48:00
O0001386,2007-04-26,B013,052259C,Offline,15:39:00
O0001387,2010-02-06,B013,084269C,Offline,20:14:00
O0001388,2005-06-10,B013,056873C,Offline,18:13:00
O0001389,2015-06-07,B013,009663C,Offline,18:45:00
O0001390,2006-07-17,B013,098641C,Offline,08:47:00
O0001391,2002-12-08,B013,082265C,Offline,16:08:00
O0001392,2016-11-26,B013,043057C,Offline,16:32:00
O0001393,2009-01-07,B013,026352C,Offline,17:45:00
O0001394,2009-09-29,B013,024634C,Offline,19:24:00
O0001395,2011-02-25,B013,014683C,Offline,13:38:00
O0001396,2005-05-08,B013,031116C,Offline,07:39:00
O0001397,2022-12-26,B013,079145C,Offline,15:41:00
O0001398,2014-05-06,B013,089594C,Offline,16:12:00
O0001399,2014-04-13,B013,093771C,Offline,13:43:00
O0001400,2019-04-06,B013,079591C,Offline,11:26:00
O0001401,2014-05-31,B013,005623C,Offline,09:16:00
O0001402,2004-03-06,B013,038701C,Delivery,15:42:00
O0001403,1998-07-11,B013,011018C,Delivery,07:52:00
O0001404,2001-02-04,B013,015019C,Delivery,19:55:00
O0001405,2001-05-14,B013,021600C,Delivery,11:46:00
O0001406,2003-06-29,B013,026530C,Delivery,10:02:00
O0001407,2017-05-13,B013,034041C,Delivery,11:54:00
O0001408,2007-04-21,B013,012265C,Delivery,09:45:00
O0001409,2010-06-22,B013,098516C,Delivery,13:52:00
O0001410,2000-01-26,B013,025315C,Delivery,19:24:00
O0001411,2023-08-16,B013,012380C,Delivery,11:14:00
O0001412,2008-12-02,B013,045956C,Delivery,11:57:00
O0001413,2016-08-10,B013,070485C,Delivery,07:12:00
O0001414,2010-01-06,B013,059522C,Delivery,11:20:00
O0001415,2017-10-21,B013,018680C,Delivery,12:11:00
O0001416,2022-07-18,B013,092212C,Delivery,15:10:00
O0001417,2021-10-18,B013,013480C,Delivery,18:05:00
O0001418,2006-12-27,B013,052720C,Delivery,18:21:00
O0001419,2005-03-11,B013,087302C,Delivery,07:50:00
O0001420,1999-12-25,B013,093733C,Delivery,18:26:00
O0001421,2012-12-24,B013,037894C,Delivery,09:25:00
O0001422,2001-03-28,B013,067511C,Delivery,11:30:00
O0001423,2016-02-02,B013,082542C,Delivery,07:38:00
O0001424,2002-07-26,B013,085037C,Delivery,08:39:00
O0001425,2024-07-05,B013,095002C,Delivery,11:35:00
O0001426,2016-01-03,B013,030426C,Delivery,15:46:00
O0001427,2010-04-14,B013,025199C,Delivery,14:11:00
O0001428,2006-07-16,B013,079718C,Delivery,20:12:00
O0001429,2004-08-28,B013,014440C,Delivery,18:12:00
O0001430,2006-10-24,B013,052744C,Delivery,13:41:00
O0001431,2008-09-14,B013,016748C,Delivery,09:40:00
O0001432,2009-04-28,B013,055439C,Delivery,10:02:00
O0001433,2000-10-30,B013,000859C,Delivery,13:41:00
O0001434,2020-04-17,B013,071023C,Delivery,13:02:00
O0001435,2005-06-29,B013,036343C,Delivery,08:10:00
O0001436,2003-10-17,B013,027938C,Delivery,07:13:00
O0001437,2005-02-11,B013,039647C,Delivery,09:02:00
O0001438,2020-07-30,B013,074753C,Delivery,12:46:00
O0001439,2020-04-08,B013,065525C,Delivery,17:13:00
O0001440,2021-04-28,B013,004123C,Delivery,15:19:00
O0001441,2002-01-02,B013,008628C,Delivery,11:51:00
O0001442,2012-04-02,B013,034355C,Delivery,11:08:00
O0001443,2005-03-20,B013,071890C,Delivery,14:53:00
O0001444,2010-01-01,B013,059704C,Delivery,12:34:00
O0001445,2024-10-16,B013,091561C,Delivery,19:48:00
O0001446,2014-11-02,B013,065388C,Delivery,18:34:00
O0001447,2021-08-08,B013,018658C,Delivery,08:10:00
O0001448,2017-09-05,B013,017788C,Delivery,15:46:00
O0001449,1999-07-16,B013,078348C,Delivery,11:12:00
O0001450,1997-10-10,B013,030290C,Delivery,20:16:00
O0001451,2018-03-11,B013,098132C,Delivery,18:34:00
O0001452,2020-12-17,B013,087837C,Delivery,09:07:00
O0001453,2019-06-08,B013,099175C,Delivery,13:45:00
O0001454,2024-09-26,B013,050301C,Delivery,17:50:00
O0001455,2003-08-26,B013,082839C,Delivery,11:57:00
O0001456,2008-09-26,B014,001622C,Online,11:08:00
O0001457,2018-05-27,B014,097241C,Online,13:43:00
O0001458,1999-08-14,B014,028465C,Online,19:31:00
O0001459,1998-06-18,B014,031694C,Online,08:17:00
O0001460,2010-11-30,B014,077869C,Online,08:54:00
O0001461,2007-11-11,B014,072900C,Online,12:54:00
O0001462,2014-06-21,B014,071525C,Online,10:08:00
O0001463,2011-09-25,B014,016425C,Online,20:00:00
O0001464,2021-03-13,B014,080371C,Online,21:54:00
O0001465,2015-02-27,B014,023280C,Online,12:43:00
O0001466,2011-07-16,B014,013594C,Online,19:18:00
O0001467,2002-01-12,B014,000341C,Online,16:40:00
O0001468,2019-01-25,B014,082984C,Online,17:48:00
O0001469,2024-08-21,B014,070629C,Online,12:04:00
O0001470,2006-05-15,B014,091205C,Online,14:28:00
O0001471,2021-02-05,B014,093237C,Online,13:08:00
O0001472,2023-06-02,B014,059076C,Offline,15:15:00
O0001473,2008-06-07,B014,022032C,Offline,08:29:00
O0001474,2019-04-23,B014,092056C,Offline,17:04:00
O0001475,2004-06-12,B014,058178C,Offline,18:19:00
O0001476,2001-01-20,B014,022037C,Offline,12:24:00
O0001477,2016-05-02,B014,086932C,Offline,14:16:00
O0001478,2017-11-05,B014,011083C,Offline,18:12:00
O0001479,2013-10-05,B014,076783C,Offline,14:20:00
O0001480,2000-04-26,B014,015044C,Offline,19:55:00
O0001481,2015-12-10,B014,028538C,Offline,14:51:00
O0001482,2002-11-26,B014,082357C,Offline,08:51:00
O0001483,1998-03-31,B014,042191C,Offline,09:50:00
O0001484,2012-02-08,B014,092751C,Offline,17:47:00
O0001485,2011-01-10,B014,046675C,Offline,17:22:00
O0001486,2015-12-24,B014,019548C,Offline,13:08:00
O0001487,2005-12-23,B014,016558C,Offline,08:25:00
O0001488,2001-09-16,B014,019120C,Offline,15:11:00
O0001489,2013-07-14,B014,004155C,Offline,18:36:00
O0001490,2020-04-26,B014,084719C,Offline,18:12:00
O0001491,2014-02-13,B014,075514C,Offline,15:34:00
O0001492,2000-04-30,B014,010197C,Offline,20:04:00
O0001493,2005-05-26,B014,055812C,Delivery,14:15:00
O0001494,2013-04-15,B014,075194C,Delivery,17:01:00
O0001495,1998-12-01,B014,092947C,Delivery,09:53:00
O0001496,2006-05-02,B014,054936C,Delivery,17:33:00
O0001497,2013-07-07,B014,029574C,Delivery,14:01:00
O0001498,2016-01-23,B014,000216C,Delivery,08:36:00
O0001499,2002-05-02,B014,055199C,Delivery,21:56:00
O0001500,2004-08-31,B014,032434C,Delivery,15:08:00
O0001501,1998-08-17,B014,071965C,Delivery,20:05:00
O0001502,2003-05-12,B014,058628C,Delivery,12:03:00
O0001503,2011-10-20,B014,060953C,Delivery,09:12:00
O0001504,2013-02-22,B014,027449C,Delivery,15:09:00
O0001505,2004-02-05,B014,061277C,Delivery,12:54:00
O0001506,2015-06-04,B014,025723C,Delivery,12:45:00
O0001507,2014-03-24,B014,011561C,Delivery,14:32:00
O0001508,2024-08-21,B014,025439C,Delivery,14:51:00
O0001509,2000-12-03,B014,067713C,Delivery,11:14:00
O0001510,2005-06-09,B014,030765C,Delivery,20:46:00
O0001511,2010-10-11,B014,089008C,Delivery,16:44:00
O0001512,1998-09-24,B014,005364C,Delivery,16:15:00
O0001513,1999-12-12,B014,099348C,Delivery,08:14:00
O0001514,2004-08-10,B014,074947C,Delivery,10:36:00
O0001515,2015-12-03,B014,096425C,Delivery,15:25:00
O0001516,2019-09-10,B014,086838C,Delivery,15:30:00
O0001517,2012-01-07,B014,069700C,Delivery,08:24:00
O0001518,2014-02-01,B014,024268C,Delivery,09:38:00
O0001519,2006-02-16,B014,008490C,Delivery,12:05:00
O0001520,2001-02-12,B014,045264C,Delivery,17:20:00
O0001521,2021-05-07,B014,042085C,Delivery,19:54:00
O0001522,1997-05-17,B014,029914C,Delivery,21:58:00
O0001523,2006-02-27,B014,044395C,Delivery,18:15:00
O0001524,2009-06-18,B014,050546C,Delivery,12:58:00
O0001525,2004-01-23,B014,095041C,Delivery,09:15:00
O0001526,2016-07-10,B014,042541C,Delivery,11:54:00
O0001527,2000-10-24,B014,095522C,Delivery,12:19:00
O0001528,2000-06-29,B014,038971C,Delivery,16:05:00
O0001529,2003-07-02,B014,034608C,Delivery,15:44:00
O0001530,2022-11-09,B014,021492C,Delivery,19:57:00
O0001531,2001-10-14,B014,045865C,Delivery,16:51:00
O0001532,1998-07-16,B014,052570C,Delivery,12:04:00
O0001533,2002-07-13,B014,059768C,Delivery,13:47:00
O0001534,2010-04-02,B014,016233C,Delivery,15:28:00
O0001535,1998-08-31,B014,030793C,Delivery,09:14:00
O0001536,2006-07-17,B014,005718C,Delivery,14:59:00
O0001537,2022-06-07,B014,028292C,Delivery,14:27:00
O0001538,2024-11-13,B014,004156C,Delivery,18:20:00
O0001539,2016-06-04,B014,041676C,Delivery,21:45:00
O0001540,2021-02-03,B014,072552C,Delivery,08:47:00
O0001541,2024-03-02,B014,093920C,Delivery,13:13:00
O0001542,1997-09-22,B014,082779C,Delivery,14:31:00
O0001543,2013-07-21,B014,057440C,Delivery,15:00:00
O0001544,2002-11-20,B014,041870C,Delivery,09:03:00
O0001545,2014-05-23,B014,043991C,Delivery,21:15:00
O0001546,2005-03-26,B014,001222C,Delivery,15:47:00
O0001547,2002-10-13,B014,046594C,Delivery,12:27:00
O0001548,2018-04-02,B014,080987C,Delivery,08:18:00
O0001549,2020-04-15,B014,004860C,Delivery,16:15:00
O0001550,2024-08-25,B014,016030C,Delivery,20:10:00
O0001551,2000-03-05,B014,025696C,Delivery,13:58:00
O0001552,2016-07-12,B014,038367C,Delivery,08:08:00
O0001553,1997-05-19,B014,044174C,Delivery,14:36:00
O0001554,2014-09-03,B014,036859C,Delivery,10:02:00
O0001555,2019-08-07,B014,031511C,Delivery,15:56:00
O0001556,2000-01-18,B014,094968C,Delivery,20:03:00
O0001557,2012-05-21,B014,012771C,Delivery,14:17:00
O0001558,2013-02-08,B014,034811C,Delivery,21:46:00
O0001559,2024-04-22,B014,031548C,Delivery,19:20:00
O0001560,2000-12-23,B014,025865C,Delivery,19:32:00
O0001561,2014-02-12,B014,069779C,Delivery,21:49:00
O0001562,2004-03-15,B014,049774C,Delivery,09:40:00
O0001563,2001-02-25,B014,062380C,Delivery,08:24:00
O0001564,2021-10-15,B014,047239C,Delivery,16:47:00
O0001565,2005-08-04,B014,027782C,Delivery,09:18:00
O0001566,2000-07-29,B014,001674C,Delivery,17:38:00
O0001567,1998-07-07,B014,027114C,Delivery,20:28:00
O0001568,2019-01-25,B014,076819C,Delivery,14:47:00
O0001569,2015-09-19,B014,011777C,Delivery,13:18:00
O0001570,2011-03-13,B014,081364C,Delivery,16:38:00
O0001571,1997-08-19,B014,079315C,Delivery,15:04:00
O0001572,2024-03-29,B014,066191C,Delivery,12:41:00
O0001573,2007-03-19,B014,080748C,Delivery,15:44:00
O0001574,2020-02-28,B014,051899C,Delivery,15:33:00
O0001575,1997-11-14,B014,002589C,Delivery,11:29:00
O0001576,2002-09-15,B014,053434C,Delivery,18:41:00
O0001577,2004-10-01,B014,004677C,Delivery,09:46:00
O0001578,1998-12-12,B014,047525C,Delivery,13:22:00
O0001579,2017-08-13,B014,053599C,Delivery,13:54:00
O0001580,2017-10-05,B015,015569C,Online,17:47:00
O0001581,2006-05-21,B015,012030C,Online,15:35:00
O0001582,2012-12-31,B015,072870C,Online,17:15:00
O0001583,2003-12-22,B015,063916C,Online,06:52:00
O0001584,2001-09-11,B015,080091C,Online,14:47:00
O0001585,2003-08-12,B015,078625C,Online,10:15:00
O0001586,2002-01-13,B015,008934C,Online,07:51:00
O0001587,2016-10-26,B015,085851C,Online,11:50:00
O0001588,2022-11-27,B015,078537C,Online,11:42:00
O0001589,2013-04-23,B015,039085C,Online,16:27:00
O0001590,2008-10-17,B015,065514C,Offline,16:30:00
O0001591,2012-10-07,B015,053034C,Offline,07:06:00
O0001592,2014-10-06,B015,036338C,Offline,18:08:00
O0001593,2017-05-07,B015,053921C,Offline,14:14:00
O0001594,2020-02-14,B015,077722C,Offline,08:39:00
O0001595,2021-07-02,B015,069478C,Offline,11:26:00
O0001596,2001-06-01,B015,060134C,Offline,09:59:00
O0001597,2014-01-30,B015,044991C,Offline,17:00:00
O0001598,2008-09-09,B015,084952C,Offline,11:28:00
O0001599,2009-09-08,B015,018066C,Offline,06:54:00
O0001600,2001-07-25,B015,068758C,Offline,10:47:00
O0001601,2000-12-14,B015,011775C,Offline,18:56:00
O0001602,2020-11-20,B015,082713C,Offline,08:35:00
O0001603,1999-01-02,B015,075995C,Offline,18:13:00
O0001604,2018-11-29,B015,059099C,Offline,19:52:00
O0001605,2020-08-18,B015,050661C,Offline,06:34:00
O0001606,2004-09-17,B015,016769C,Offline,10:47:00
O0001607,2013-08-27,B015,013825C,Offline,20:18:00
O0001608,2018-09-30,B015,031140C,Offline,16:01:00
O0001609,1999-01-21,B015,076027C,Offline,15:01:00
O0001610,2020-07-05,B015,028884C,Offline,08:42:00
O0001611,1999-07-10,B015,058934C,Offline,12:27:00
O0001612,2022-10-23,B015,084601C,Delivery,10:34:00
O0001613,2015-09-22,B015,064476C,Delivery,20:19:00
O0001614,2009-06-29,B015,009836C,Delivery,11:26:00
O0001615,1998-10-08,B015,082667C,Delivery,15:53:00
O0001616,1999-02-24,B015,075024C,Delivery,16:10:00
O0001617,2024-04-24,B015,085790C,Delivery,10:03:00
O0001618,2006-04-11,B015,002159C,Delivery,20:10:00
O0001619,2018-05-25,B015,050771C,Delivery,08:51:00
O0001620,2010-11-13,B015,088428C,Delivery,20:22:00
O0001621,2004-11-05,B015,092782C,Delivery,07:29:00
O0001622,2009-10-09,B015,046910C,Delivery,12:06:00
O0001623,2012-01-26,B015,057536C,Delivery,13:09:00
O0001624,2020-10-26,B015,057133C,Delivery,13:15:00
O0001625,2014-06-25,B015,043059C,Delivery,09:21:00
O0001626,2004-09-04,B015,005102C,Delivery,18:01:00
O0001627,2010-09-27,B015,064152C,Delivery,10:21:00
O0001628,2014-08-29,B015,027416C,Delivery,14:03:00
O0001629,2003-04-28,B015,081609C,Delivery,10:55:00
O0001630,2010-06-10,B015,054766C,Delivery,08:34:00
O0001631,2003-03-03,B015,019539C,Delivery,09:28:00
O0001632,2001-11-03,B015,054613C,Delivery,13:53:00
O0001633,2011-07-15,B015,084973C,Delivery,12:18:00
O0001634,2018-07-14,B015,072919C,Delivery,15:27:00
O0001635,2004-05-02,B015,052648C,Delivery,19:25:00
O0001636,1998-11-26,B015,064696C,Delivery,17:06:00
O0001637,2007-11-26,B015,056844C,Delivery,12:15:00
O0001638,2013-10-10,B015,042268C,Delivery,18:42:00
O0001639,2019-01-07,B015,066738C,Delivery,17:26:00
O0001640,2022-07-06,B015,066445C,Delivery,11:32:00
O0001641,2004-08-17,B015,045248C,Delivery,14:47:00
O0001642,2017-10-02,B015,058666C,Delivery,17:23:00
O0001643,2006-03-20,B015,068855C,Delivery,12:45:00
O0001644,2004-08-20,B015,066121C,Delivery,11:57:00
O0001645,2020-07-21,B015,049135C,Delivery,16:34:00
O0001646,2019-07-18,B015,086542C,Delivery,13:43:00
O0001647,2003-08-02,B015,095014C,Delivery,09:20:00
O0001648,2015-01-22,B015,086009C,Delivery,20:13:00
O0001649,2010-03-21,B015,040202C,Delivery,07:01:00
O0001650,2020-11-20,B015,094989C,Delivery,19:26:00
O0001651,2004-12-13,B015,013207C,Delivery,06:36:00
O0001652,2007-04-21,B015,098364C,Delivery,11:14:00
O0001653,2017-11-28,B015,074216C,Delivery,19:33:00
O0001654,2017-02-28,B015,067918C,Delivery,16:30:00
O0001655,2008-05-24,B015,058497C,Delivery,16:35:00
O0001656,2013-06-03,B015,061122C,Delivery,10:37:00
O0001657,2023-05-19,B015,014026C,Delivery,07:43:00
O0001658,2019-04-27,B015,080191C,Delivery,18:57:00
O0001659,2022-04-20,B015,015829C,Delivery,16:21:00
O0001660,2012-10-18,B015,021387C,Delivery,10:06:00
O0001661,2007-09-17,B015,076191C,Delivery,15:42:00
O0001662,1999-06-25,B015,079095C,Delivery,11:00:00
O0001663,2005-07-16,B015,026667C,Delivery,08:45:00
O0001664,2019-03-26,B015,019259C,Delivery,15:33:00
O0001665,2004-09-11,B015,090615C,Delivery,15:47:00
O0001666,2024-02-29,B015,019497C,Delivery,11:27:00
O0001667,2017-12-19,B015,080024C,Delivery,06:49:00
O0001668,2000-09-12,B015,023910C,Delivery,13:11:00
O0001669,2004-10-16,B015,024389C,Delivery,10:51:00
O0001670,2008-03-11,B015,033075C,Delivery,07:34:00
O0001671,2000-07-13,B015,049734C,Delivery,16:52:00
O0001672,2012-06-01,B015,020132C,Delivery,06:44:00
O0001673,2005-12-02,B015,058843C,Delivery,13:15:00
O0001674,1998-08-20,B015,021392C,Delivery,11:27:00
O0001675,2019-03-21,B015,095582C,Delivery,07:53:00
O0001676,2005-08-22,B015,089803C,Delivery,07:05:00
O0001677,2006-07-20,B015,030516C,Delivery,13:18:00
O0001678,2004-11-04,B015,016480C,Delivery,10:02:00
O0001679,2024-10-27,B015,015786C,Delivery,06:47:00
O0001680,2013-01-01,B015,044135C,Delivery,09:17:00
O0001681,1999-11-25,B015,057068C,Delivery,16:36:00
O0001682,2013-01-14,B015,056095C,Delivery,16:12:00
O0001683,2003-12-25,B015,022595C,Delivery,16:50:00
O0001684,2014-01-14,B015,096168C,Delivery,08:38:00
O0001685,2022-05-06,B015,060813C,Delivery,16:52:00
O0001686,2022-12-31,B015,006568C,Delivery,08:44:00
O0001687,2014-08-23,B015,063359C,Delivery,09:34:00
O0001688,2017-02-01,B015,023962C,Delivery,11:21:00
O0001689,2003-08-27,B015,091402C,Delivery,10:46:00
O0001690,2019-05-10,B015,096514C,Delivery,06:54:00
O0001691,2011-02-10,B015,027737C,Delivery,14:01:00
O0001692,2006-06-21,B015,081168C,Delivery,19:56:00
O0001693,2023-08-16,B015,099058C,Delivery,15:45:00
O0001694,2013-07-15,B015,067705C,Delivery,09:39:00
O0001695,2020-08-27,B015,055600C,Delivery,06:32:00
O0001696,2007-11-28,B015,043570C,Delivery,19:25:00
O0001697,2016-06-24,B015,026850C,Delivery,08:21:00
O0001698,2014-02-18,B015,095326C,Delivery,10:36:00
O0001699,2020-05-19,B015,094146C,Delivery,07:50:00
O0001700,2009-11-01,B015,031136C,Delivery,13:38:00
O0001701,2022-12-22,B015,058979C,Delivery,13:29:00
O0001702,2016-11-09,B015,062618C,Delivery,20:17:00
O0001703,2007-12-14,B015,004534C,Delivery,11:44:00
O0001704,2014-12-01,B015,080300C,Delivery,06:41:00
O0001705,2016-06-12,B015,092486C,Delivery,09:52:00
O0001706,2024-10-26,B015,006948C,Delivery,19:03:00
O0001707,1997-11-18,B015,005348C,Delivery,15:11:00
O0001708,2006-05-04,B015,084369C,Delivery,06:35:00
